file,view,screen,state,surface,is_modal,modal_capture_scope,backdrop_observable,back_screen_key,panel_crop_size,theme,real_w,real_h,expected_w,expected_h,size_match,dom_w,dom_h,dom_size_match,capture_selector,sha256,bytes
hub-pacientes-light-960x600.png,hub-pacientes,pacientes,list,window,false,,false,,,light,960,600,960,600,yes,960,600,yes,.window,8b7927e49db26b3b2a919de7b5b859b0870e06eb6a1963e5ad3378e510c712e8,217680
hub-pacientes-dark-960x600.png,hub-pacientes,pacientes,list,window,false,,false,,,dark,960,600,960,600,yes,960,600,yes,.window,878a098e8bbde04e0022cb660fd443250716b3dee7c560e1871fbf57912824fe,209116
hub-pacientes-empty-light-960x600.png,hub-pacientes-empty,pacientes,empty,window,false,,false,,,light,960,600,960,600,yes,960,600,yes,.window,7b39eb084b24642d7864217aa93d2918d742c84950626451b5eb5b7ac385793d,182936
hub-pacientes-empty-dark-960x600.png,hub-pacientes-empty,pacientes,empty,window,false,,false,,,dark,960,600,960,600,yes,960,600,yes,.window,3e4793f8ccea2dbc26b37d68d3826913e95ef5b22d1e5825f9fd768192b211ba,176200
hub-detalle-light-960x600.png,hub-detalle,detalle,recordatorios,window,false,,false,,,light,960,600,960,600,yes,960,600,yes,.window,7a707323ce4d9f41a77e5990028546c8eefd4576f97a3f12fc9958e607415532,104596
hub-detalle-dark-960x600.png,hub-detalle,detalle,recordatorios,window,false,,false,,,dark,960,600,960,600,yes,960,600,yes,.window,22a941d961f952dd8f5cd76e1de3c1361dfab89780df9aaf457d0301bbe1d2d1,101754
hub-detalle-plan-timer-light-960x600.png,hub-detalle-plan-timer,detalle,timer,window,false,,false,,,light,960,600,960,600,yes,960,600,yes,.window,b4d98896e18d4f9c09fa30f92366efbc537a7c8baeff7229291ce4aaf0589ac6,110235
hub-detalle-plan-timer-dark-960x600.png,hub-detalle-plan-timer,detalle,timer,window,false,,false,,,dark,960,600,960,600,yes,960,600,yes,.window,f94e20aa5a2bc35580dc5762f8a7c9e7158bf607fba57a7e3f5ec5c0c88ed8e9,107419
hub-detalle-plan-rutina-light-960x600.png,hub-detalle-plan-rutina,detalle,rutina,window,false,,false,,,light,960,600,960,600,yes,960,600,yes,.window,91fe408f772d71ed0a72c62c752f62dfaa11aba04f341d8be50d4b9bfb56dcbf,103724
hub-detalle-plan-rutina-dark-960x600.png,hub-detalle-plan-rutina,detalle,rutina,window,false,,false,,,dark,960,600,960,600,yes,960,600,yes,.window,a977437eba00c901642c667a0e333e3214f76656bb6be02e3c1dd74a71fc92c0,100461
hub-detalle-plan-activacion-light-960x600.png,hub-detalle-plan-activacion,detalle,activacion,window,false,,false,,,light,960,600,960,600,yes,960,600,yes,.window,b0feb5641db242881874350b23ac01f06b9314507572e2140602f9e5760e5480,125276
hub-detalle-plan-activacion-dark-960x600.png,hub-detalle-plan-activacion,detalle,activacion,window,false,,false,,,dark,960,600,960,600,yes,960,600,yes,.window,2755d664fe33cc60e8acb735a8ae4582046cf673937c01c22f8387c382bc3907,114339
hub-detalle-resumen-ia-0-light-960x600.png,hub-detalle-resumen-ia-0,detalle,recordatorios,window_modal,true,window_overlay,true,hub:detalle@light,720x462,light,960,600,960,600,yes,960,600,yes,.window,48341a62766d51961fe6c7863a589458f1be9e49cf05d674f69e8b11dd3d6920,113386
hub-detalle-resumen-ia-0-dark-960x600.png,hub-detalle-resumen-ia-0,detalle,recordatorios,window_modal,true,window_overlay,true,hub:detalle@dark,720x462,dark,960,600,960,600,yes,960,600,yes,.window,99642458457f8ff19c8c0baf1ad8e18f2c84aaced5296863f15e7f0aa1238e33,116584
hub-textos-globales-light-960x600.png,hub-textos-globales,textos,,window,false,,false,,,light,960,600,960,600,yes,960,600,yes,.window,6f317b6ee6c7d4cc737650df8dfcd458cc39ecf90582749c533023d4a8722a2b,144636
hub-textos-globales-dark-960x600.png,hub-textos-globales,textos,,window,false,,false,,,dark,960,600,960,600,yes,960,600,yes,.window,b953ec1809f2b8dc27d9dc3f623752d255e9eb3b67c0eb07a17ed4559772be2f,131108
suite-home-light-960x600.png,suite-home,home,score,window,false,,false,,,light,960,600,960,600,yes,960,600,yes,.window,7e4b1e9700b2bc696ebc37f4cd2e1a34de2ec73a7f25be31bad4c7826462efd2,151768
suite-home-dark-960x600.png,suite-home,home,score,window,false,,false,,,dark,960,600,960,600,yes,960,600,yes,.window,a27cb44f95eabb5486a8abb5494188b0a1bc72556e4f1d2865201a261f8b150a,147310
suite-home-no-score-light-960x600.png,suite-home-no-score,home,noscore,window,false,,false,,,light,960,600,960,600,yes,960,600,yes,.window,581d583e6dea919fdff02eb4fb7b6c3f1b1903c4d1138127cd5d5ef31aad6c6f,144206
suite-home-no-score-dark-960x600.png,suite-home-no-score,home,noscore,window,false,,false,,,dark,960,600,960,600,yes,960,600,yes,.window,7c803512c28d90c5fc4420dc3bc5551a036f49d15223afaa905a4d4a7a809e47,137864
suite-animo-light-960x600.png,suite-animo,animo,,window,false,,false,,,light,960,600,960,600,yes,960,600,yes,.window,d9951c282c295b368f6adeecf08399da9fa9a6c1964735e481e6cc3cdd23b841,90483
suite-animo-dark-960x600.png,suite-animo,animo,,window,false,,false,,,dark,960,600,960,600,yes,960,600,yes,.window,73dd631ebeaea56202ee72942611151269929992eff260fcb736cf4d80975037,89091
suite-respiracion-light-960x600.png,suite-respiracion,respiracion,idle,window,false,,false,,,light,960,600,960,600,yes,960,600,yes,.window,abc8c7534ca87895c8612b1a83579b062eb982b5d60ac989be81240330a2ac39,174350
suite-respiracion-dark-960x600.png,suite-respiracion,respiracion,idle,window,false,,false,,,dark,960,600,960,600,yes,960,600,yes,.window,140297c27e3adadb7f105dd117c81e4c67923ff75eeaf086cf0c1849d7291f33,154603
suite-respiracion-running-light-960x600.png,suite-respiracion-running,respiracion,running,window,false,,false,,,light,960,600,960,600,yes,960,600,yes,.window,cc6481f0b5d79aa70c4c5e6182ea28610914ac07110587a52dbfdf957f4b6b02,174207
suite-respiracion-running-dark-960x600.png,suite-respiracion-running,respiracion,running,window,false,,false,,,dark,960,600,960,600,yes,960,600,yes,.window,965a8b2b262643daf04c98cd658635ccfc7b32c91f71e0bee8ff920fffa70810,154443
suite-respiracion-paused-light-960x600.png,suite-respiracion-paused,respiracion,paused,window,false,,false,,,light,960,600,960,600,yes,960,600,yes,.window,e9bb8c845af8a3ab83c27931717533bcc518611c338b562115c18871c5b9d855,173764
suite-respiracion-paused-dark-960x600.png,suite-respiracion-paused,respiracion,paused,window,false,,false,,,dark,960,600,960,600,yes,960,600,yes,.window,a4151ab0f64843da21c7ed9f7b77bc076e63e3b738d78c8cfb9f7eb2de03160a,154051
suite-timer-light-960x600.png,suite-timer,timer,idle,window,false,,false,,,light,960,600,960,600,yes,960,600,yes,.window,009657287cb07da9d522bca90b1a24703dc0e411aee9d36f6515c70385d554de,180570
suite-timer-dark-960x600.png,suite-timer,timer,idle,window,false,,false,,,dark,960,600,960,600,yes,960,600,yes,.window,a46c40db9e14015ca5273cf85ac46f4ef650b6226138adeb1b7ad67231441452,177500
suite-timer-running-light-960x600.png,suite-timer-running,timer,running,window,false,,false,,,light,960,600,960,600,yes,960,600,yes,.window,cb5c3d2b606452b98496de88f4006805e253aaeac7a33be6ef2d06ee748552a4,180423
suite-timer-running-dark-960x600.png,suite-timer-running,timer,running,window,false,,false,,,dark,960,600,960,600,yes,960,600,yes,.window,490825d126aa60700991ebb9b2e155436d9c41f9b510c85cb2c3b1a411f2acf1,177239
suite-timer-paused-light-960x600.png,suite-timer-paused,timer,paused,window,false,,false,,,light,960,600,960,600,yes,960,600,yes,.window,d1ef457e032958312bf53fcabb572ad0a2e99d5137ab59df51daa419f49bd831,178640
suite-timer-paused-dark-960x600.png,suite-timer-paused,timer,paused,window,false,,false,,,dark,960,600,960,600,yes,960,600,yes,.window,8c7a6a952c8c0df6d6939981b836d3655e73787b5d4b191a0e279dafef05a90e,175656
suite-timer-empty-light-960x600.png,suite-timer-empty,timer,empty,window,false,,false,,,light,960,600,960,600,yes,960,600,yes,.window,e7ea9d1238c15e00b2825f5231facdba772c7454dc9fa82c7183f16d75e9ef3f,184417
suite-timer-empty-dark-960x600.png,suite-timer-empty,timer,empty,window,false,,false,,,dark,960,600,960,600,yes,960,600,yes,.window,28093642e0d73b11cb6a74a1749820f3a3495f766a82e647d4bae14f52a0cc84,175745
suite-rutina-light-960x600.png,suite-rutina,rutina,default,window,false,,false,,,light,960,600,960,600,yes,960,600,yes,.window,a0dcbe72fb0318b901c4861fb5c776b9622a36f02f4ccd71e5341eefacf0e219,130188
suite-rutina-dark-960x600.png,suite-rutina,rutina,default,window,false,,false,,,dark,960,600,960,600,yes,960,600,yes,.window,d09affb9e0bd7a17f94cc255a891dd4803fa3b290aa04b7e53da4d400f16ef88,126104
suite-rutina-add-task-light-960x600.png,suite-rutina-add-task,rutina,add,window,false,,false,,,light,960,600,960,600,yes,960,600,yes,.window,8bd93f2828fd62fa4e0cbe4eaa7df3ebefa50568949c26911985e2530e2a7445,133506
suite-rutina-add-task-dark-960x600.png,suite-rutina-add-task,rutina,add,window,false,,false,,,dark,960,600,960,600,yes,960,600,yes,.window,1e299ade2fdd19d79f49dbb549f93c718b84ec3b1ffccfd5ee8df493530fe646,129435
suite-rutina-all-completed-light-960x600.png,suite-rutina-all-completed,rutina,done,window,false,,false,,,light,960,600,960,600,yes,960,600,yes,.window,be027ed5135205b08dc962faef0c8ea006a0dad81a1d402213fdd6a54ed7c6ef,127302
suite-rutina-all-completed-dark-960x600.png,suite-rutina-all-completed,rutina,done,window,false,,false,,,dark,960,600,960,600,yes,960,600,yes,.window,f66a2c38e84808cfc3ef360557a65c7c8b1989db7ccd296ab7361c01f01aa454,122474
suite-rutina-empty-light-960x600.png,suite-rutina-empty,rutina,empty,window,false,,false,,,light,960,600,960,600,yes,960,600,yes,.window,525cdf11a8b50320c18bd858c80c53530ee664d44a120892e89cfc9498b28d73,182047
suite-rutina-empty-dark-960x600.png,suite-rutina-empty,rutina,empty,window,false,,false,,,dark,960,600,960,600,yes,960,600,yes,.window,e6d96f43e35a8595e55afa3e6d2c07e0ffecbba4e35e6b51ddc76877c78d46a7,174065
suite-avisos-light-960x600.png,suite-avisos,avisos,all,window,false,,false,,,light,960,600,960,600,yes,960,600,yes,.window,5957c52b92002342d7b7c8ee2df9ffae6581a28e28149c871f5651332c4f336e,120773
suite-avisos-dark-960x600.png,suite-avisos,avisos,all,window,false,,false,,,dark,960,600,960,600,yes,960,600,yes,.window,db8038abdde8056ea02a8702c0cce5cbb342d260dc586c6e7d09760936d1c20a,119099
suite-avisos-filter-activos-light-960x600.png,suite-avisos-filter-activos,avisos,active,window,false,,false,,,light,960,600,960,600,yes,960,600,yes,.window,eed63aae0d5597f50bcc10bb942d14795d4305cd5caca679cb0881ead877124d,107850
suite-avisos-filter-activos-dark-960x600.png,suite-avisos-filter-activos,avisos,active,window,false,,false,,,dark,960,600,960,600,yes,960,600,yes,.window,4ee58aff75a537b1dff7751414278b97a62b83a34999f84b25bc557c68920891,104820
suite-avisos-today-light-960x600.png,suite-avisos-today,avisos,today,window,false,,false,,,light,960,600,960,600,yes,960,600,yes,.window,edd1f26bb895a04c9d7c822f51d87fd4f8f43ed826fed25cdb7505cc04dfcb96,107696
suite-avisos-today-dark-960x600.png,suite-avisos-today,avisos,today,window,false,,false,,,dark,960,600,960,600,yes,960,600,yes,.window,23c45475fc476b0eff5740f90a4f44e1e121ff1277707652d425d2c5b2927637,104766
suite-avisos-search-light-960x600.png,suite-avisos-search,avisos,search,window,false,,false,,,light,960,600,960,600,yes,960,600,yes,.window,dd4c3bcdd80941708df830e7991a237afb495448b37926839076f9a45c2d080a,98931
suite-avisos-search-dark-960x600.png,suite-avisos-search,avisos,search,window,false,,false,,,dark,960,600,960,600,yes,960,600,yes,.window,b42bb9574bd053c9f68d15edb5ff7f2e175df49a0e1d70c98396c59dddecf6b5,94348
suite-avisos-empty-light-960x600.png,suite-avisos-empty,avisos,empty,window,false,,false,,,light,960,600,960,600,yes,960,600,yes,.window,d9e379ceac2c8e3982aadac7e95d7fcf02a6ba6767e5c7b54ccc5d27777267dc,182484
suite-avisos-empty-dark-960x600.png,suite-avisos-empty,avisos,empty,window,false,,false,,,dark,960,600,960,600,yes,960,600,yes,.window,286019c2f31b25784c807ba83ecb0e7fb3a93220864e6bff936a22d150b1cde2,175152
suite-actividades-light-960x600.png,suite-actividades,actividades,default,window,false,,false,,,light,960,600,960,600,yes,960,600,yes,.window,aead9b51311868f2c6d614672ae91f5a3986dd808ab6343b7de1ed7725520442,117641
suite-actividades-dark-960x600.png,suite-actividades,actividades,default,window,false,,false,,,dark,960,600,960,600,yes,960,600,yes,.window,eca931bf8518a56b6df0eb222c5155c2080af91207986ba7a5ad85bc23cfb280,111459
suite-actividades-filtered-light-960x600.png,suite-actividades-filtered,actividades,filtered,window,false,,false,,,light,960,600,960,600,yes,960,600,yes,.window,de40dad2028d103bffa6d039741df58bb7c74173bce71505a35f92891eb1d03a,97982
suite-actividades-filtered-dark-960x600.png,suite-actividades-filtered,actividades,filtered,window,false,,false,,,dark,960,600,960,600,yes,960,600,yes,.window,5966ca29e892c7034ed7d9a8a9618fcf6a9fd1ca4bf121bf562b07f299d7db5e,95265
suite-actividades-marked-hice-light-960x600.png,suite-actividades-marked-hice,actividades,marked,window,false,,false,,,light,960,600,960,600,yes,960,600,yes,.window,b040234ed8891e1538dba740d2dfcd73665fd9b3825382b5daa2ea2903addef6,116370
suite-actividades-marked-hice-dark-960x600.png,suite-actividades-marked-hice,actividades,marked,window,false,,false,,,dark,960,600,960,600,yes,960,600,yes,.window,db4e8d1b9de8da043405f2437eefdc15213c0c13ef889f35dca24d434b5dfe3b,109923
suite-actividades-empty-light-960x600.png,suite-actividades-empty,actividades,empty,window,false,,false,,,light,960,600,960,600,yes,960,600,yes,.window,923907fa850534bcdc630db7ff9c09f728842e03bcc85d9e9cc19d593637cdb7,182328
suite-actividades-empty-dark-960x600.png,suite-actividades-empty,actividades,empty,window,false,,false,,,dark,960,600,960,600,yes,960,600,yes,.window,19f6da909339982496fd7d5c87de83e272fd640c68aaf62ab43e4fecfda9fb0d,174540
suite-registro-light-960x600.png,suite-registro,registro,s0,window,false,,false,,,light,960,600,960,600,yes,960,600,yes,.window,1dbf97f2c93ba43eda0cf0f45a92cfa2f5da54e2de19c3f835a01b14a5c879ed,104745
suite-registro-dark-960x600.png,suite-registro,registro,s0,window,false,,false,,,dark,960,600,960,600,yes,960,600,yes,.window,026863482b18196906be968058fd92b164535081cc3c5a6a686e503810e63f9f,100763
suite-registro-step1-emotion-light-960x600.png,suite-registro-step1-emotion,registro,s1,window,false,,false,,,light,960,600,960,600,yes,960,600,yes,.window,13109a9ae6f5218cc65746afa2b7ae76e664f7ae7af6fdcc1eadf9fd3eafc92f,116342
suite-registro-step1-emotion-dark-960x600.png,suite-registro-step1-emotion,registro,s1,window,false,,false,,,dark,960,600,960,600,yes,960,600,yes,.window,e6a4352bd317cdd4e6d89091a9afe8840ad20071f65e7a92252935a141918304,112668
suite-registro-step1-emotion-otro-light-960x600.png,suite-registro-step1-emotion-otro,registro,s1otro,window,false,,false,,,light,960,600,960,600,yes,960,600,yes,.window,ce97e026196a228caacb9332552f7216fba7ec9bdbb3961a94e2f7d675c1d452,117947
suite-registro-step1-emotion-otro-dark-960x600.png,suite-registro-step1-emotion-otro,registro,s1otro,window,false,,false,,,dark,960,600,960,600,yes,960,600,yes,.window,2b7eb235ac3642efad020c5d5557d4ffd050b171b84f63eca5288d116bb5f598,115504
suite-registro-step2-distortions-light-960x600.png,suite-registro-step2-distortions,registro,s2,window,false,,false,,,light,960,600,960,600,yes,960,600,yes,.window,fa1b7b56cd6a9f7936213e85bf70c19dde5806dba4f691d92b88d7449df144e9,160661
suite-registro-step2-distortions-dark-960x600.png,suite-registro-step2-distortions,registro,s2,window,false,,false,,,dark,960,600,960,600,yes,960,600,yes,.window,720cb410ba44c5be42407a99c054b631f32f4b1cda6433292910e62460e33e09,153675
suite-registro-step3-filled-light-960x600.png,suite-registro-step3-filled,registro,s3,window,false,,false,,,light,960,600,960,600,yes,960,600,yes,.window,67d4a925b0f580fce4e61f77ca8b555ee2c1cbdf05909d0149b3b86554a774b6,107665
suite-registro-step3-filled-dark-960x600.png,suite-registro-step3-filled,registro,s3,window,false,,false,,,dark,960,600,960,600,yes,960,600,yes,.window,8c0e98c65799467e086515173913905c947afa08ab460df9cf319435ccc56ec9,103691
suite-registro-success-light-960x600.png,suite-registro-success,registro,ok,window,false,,false,,,light,960,600,960,600,yes,960,600,yes,.window,3698827a8848eeb99d0de52ee120ca230666cd439230647acadec14ef1b0645c,104578
suite-registro-success-dark-960x600.png,suite-registro-success,registro,ok,window,false,,false,,,dark,960,600,960,600,yes,960,600,yes,.window,8505ee9a881c6603935575f8fb07579ae2ddc15f5103d274a4083f7af063f8fc,100828
suite-dbt-now-light-960x600.png,suite-dbt-now,dbtnow,,window,false,,false,,,light,960,600,960,600,yes,960,600,yes,.window,1a0ad3916175e52d414feed56f7e42ea5aecaef81f3ff330e7402641de497a29,128664
suite-dbt-now-dark-960x600.png,suite-dbt-now,dbtnow,,window,false,,false,,,dark,960,600,960,600,yes,960,600,yes,.window,e9c30e00e38513a3e2d8d948748b3c97cd543ed1bf6718388392043772676edf,124246
suite-dbt-library-light-960x600.png,suite-dbt-library,dbtlib,,window,false,,false,,,light,960,600,960,600,yes,960,600,yes,.window,f9e01be3f6880b3793f188dd03d38e52e9eef9b39974b4a5e65c4da414e77eb2,176120
suite-dbt-library-dark-960x600.png,suite-dbt-library,dbtlib,,window,false,,false,,,dark,960,600,960,600,yes,960,600,yes,.window,485d367ff3b7db8c7fce42fe6e48e43a0d7be00796591051c57264f31d061be9,172527
suite-dbt-practice-observe-describe-light-960x600.png,suite-dbt-practice-observe-describe,dbtlib,,window_modal,true,window_overlay,true,suite:dbt-library@light,,light,960,600,960,600,yes,960,600,yes,.window,83220907d482db00807eec4dbe357a189fc532ee83dda06cb2d9fd8bb2c35ebd,128812
suite-dbt-practice-observe-describe-dark-960x600.png,suite-dbt-practice-observe-describe,dbtlib,,window_modal,true,window_overlay,true,suite:dbt-library@dark,,dark,960,600,960,600,yes,960,600,yes,.window,591c87c279146713d51700c77a30f2dd30606ab8c757165d6194abc2089a973c,132336
suite-dbt-practice-wise-mind-light-960x600.png,suite-dbt-practice-wise-mind,dbtlib,,window_modal,true,window_overlay,true,suite:dbt-library@light,,light,960,600,960,600,yes,960,600,yes,.window,2a352155ab6add5b9d3dbf84851db5b39b0a48abfce9acc3f5f40c4d1f8ce89c,117714
suite-dbt-practice-wise-mind-dark-960x600.png,suite-dbt-practice-wise-mind,dbtlib,,window_modal,true,window_overlay,true,suite:dbt-library@dark,,dark,960,600,960,600,yes,960,600,yes,.window,62262d5ea71bf893bab0f0060a58b15f6001fc1b1d6f88dc2e0df587f5720851,120187
suite-dbt-practice-participate-light-960x600.png,suite-dbt-practice-participate,dbtlib,,window_modal,true,window_overlay,true,suite:dbt-library@light,,light,960,600,960,600,yes,960,600,yes,.window,7719408cea6016a0db32bdacfc43ecddd1fc18474265b7e85d63916637f0aa4f,121284
suite-dbt-practice-participate-dark-960x600.png,suite-dbt-practice-participate,dbtlib,,window_modal,true,window_overlay,true,suite:dbt-library@dark,,dark,960,600,960,600,yes,960,600,yes,.window,f9831e95df33651d021d3c368cdb71860c3eeb9c23a8c5779dac073c5540cc5e,119042
suite-dbt-practice-non-judgmental-light-960x600.png,suite-dbt-practice-non-judgmental,dbtlib,,window_modal,true,window_overlay,true,suite:dbt-library@light,,light,960,600,960,600,yes,960,600,yes,.window,0f1792d3913e3a3cb2f5311ba4f40ec975cb80c4f84a862ce868a98d30954b84,122704
suite-dbt-practice-non-judgmental-dark-960x600.png,suite-dbt-practice-non-judgmental,dbtlib,,window_modal,true,window_overlay,true,suite:dbt-library@dark,,dark,960,600,960,600,yes,960,600,yes,.window,4d0856c3783bdb7171ae6bb918715bacbc273123c6a851fbe18a562b42b9f9ec,125239
suite-dbt-practice-stop-light-960x600.png,suite-dbt-practice-stop,dbtlib,,window_modal,true,window_overlay,true,suite:dbt-library@light,,light,960,600,960,600,yes,960,600,yes,.window,a8db93498c2dd585063afdabd0623d78d345b7e42684ff44cce1ff8d117386d1,118382
suite-dbt-practice-stop-dark-960x600.png,suite-dbt-practice-stop,dbtlib,,window_modal,true,window_overlay,true,suite:dbt-library@dark,,dark,960,600,960,600,yes,960,600,yes,.window,36e5eb2193bdeaf45823928e30d7206c192b75509223b0386b4130a28eb08a62,126393
suite-dbt-practice-tipp-light-960x600.png,suite-dbt-practice-tipp,dbtlib,,window_modal,true,window_overlay,true,suite:dbt-library@light,,light,960,600,960,600,yes,960,600,yes,.window,d91bc147b1a57e17bc75a5b7ebe01653e9c9b9135654277d308ef2bcea49990f,123762
suite-dbt-practice-tipp-dark-960x600.png,suite-dbt-practice-tipp,dbtlib,,window_modal,true,window_overlay,true,suite:dbt-library@dark,,dark,960,600,960,600,yes,960,600,yes,.window,ebafad7a094c0bdfb1dd0deb7580d7e9a0feaf735d552a7a5dc0484c65a1d9b2,126789
suite-dbt-practice-self-soothe-light-960x600.png,suite-dbt-practice-self-soothe,dbtlib,,window_modal,true,window_overlay,true,suite:dbt-library@light,,light,960,600,960,600,yes,960,600,yes,.window,b38a84dc35b0d54692b98986ee431c36405d0eee4d84b0bd28878b2929aab31f,117322
suite-dbt-practice-self-soothe-dark-960x600.png,suite-dbt-practice-self-soothe,dbtlib,,window_modal,true,window_overlay,true,suite:dbt-library@dark,,dark,960,600,960,600,yes,960,600,yes,.window,6c2c6316ce047f55e0a9b74c4eb14411630eb69dbeba1c541f6a8d56204db9d7,119304
suite-dbt-practice-radical-acceptance-light-960x600.png,suite-dbt-practice-radical-acceptance,dbtlib,,window_modal,true,window_overlay,true,suite:dbt-library@light,,light,960,600,960,600,yes,960,600,yes,.window,80b6828c3742c2df4937e5e42cdf5c5b85448e82c97f9f16126821a2546fcd84,131806
suite-dbt-practice-radical-acceptance-dark-960x600.png,suite-dbt-practice-radical-acceptance,dbtlib,,window_modal,true,window_overlay,true,suite:dbt-library@dark,,dark,960,600,960,600,yes,960,600,yes,.window,b2f1f0b4c535dd4a58c47434348cea3caa534ec6a14c3ae4ed324548505a2193,127208
suite-dbt-practice-check-facts-light-960x600.png,suite-dbt-practice-check-facts,dbtlib,,window_modal,true,window_overlay,true,suite:dbt-library@light,,light,960,600,960,600,yes,960,600,yes,.window,260da9b7b84e606e2a3b5f99375e629f2e28bd2b28c71081b89d5d25a67e635d,118232
suite-dbt-practice-check-facts-dark-960x600.png,suite-dbt-practice-check-facts,dbtlib,,window_modal,true,window_overlay,true,suite:dbt-library@dark,,dark,960,600,960,600,yes,960,600,yes,.window,cae1ed0000590cb9c1a833d8cf0679f29c76f97a4ccb9e03f5717f5c440976ed,126557
suite-dbt-practice-opposite-action-light-960x600.png,suite-dbt-practice-opposite-action,dbtlib,,window_modal,true,window_overlay,true,suite:dbt-library@light,,light,960,600,960,600,yes,960,600,yes,.window,15e376d361acac07929f64744aa63927c85dc272e8aa3171c822dca9a664ab97,127028
suite-dbt-practice-opposite-action-dark-960x600.png,suite-dbt-practice-opposite-action,dbtlib,,window_modal,true,window_overlay,true,suite:dbt-library@dark,,dark,960,600,960,600,yes,960,600,yes,.window,882e08760d0e76db0bb6c4918a52615bd6a6e82be22408f79c01a50da4f0bd34,130213
suite-dbt-practice-problem-solving-light-960x600.png,suite-dbt-practice-problem-solving,dbtlib,,window_modal,true,window_overlay,true,suite:dbt-library@light,,light,960,600,960,600,yes,960,600,yes,.window,bd100951f532d488a6d00f6e7bf517a72d52f77c450a8a387ba951e442f59750,123835
suite-dbt-practice-problem-solving-dark-960x600.png,suite-dbt-practice-problem-solving,dbtlib,,window_modal,true,window_overlay,true,suite:dbt-library@dark,,dark,960,600,960,600,yes,960,600,yes,.window,61d8c78816daee8715401e9aa89489262626c248500d835feca809b7c2d2643c,120801
suite-dbt-practice-please-light-960x600.png,suite-dbt-practice-please,dbtlib,,window_modal,true,window_overlay,true,suite:dbt-library@light,,light,960,600,960,600,yes,960,600,yes,.window,0d2ecd5635c786a672b0dd4ba4991e7e6ff9e79bb7a45d98b45ddfeee66f2d62,118717
suite-dbt-practice-please-dark-960x600.png,suite-dbt-practice-please,dbtlib,,window_modal,true,window_overlay,true,suite:dbt-library@dark,,dark,960,600,960,600,yes,960,600,yes,.window,968c32c21e56add13dc1202fbbbbe64dfe6ca07302da5cc193e10e401649f465,127548
suite-dbt-practice-dear-man-light-960x600.png,suite-dbt-practice-dear-man,dbtlib,,window_modal,true,window_overlay,true,suite:dbt-library@light,,light,960,600,960,600,yes,960,600,yes,.window,5ab3b6c2efb25baa636dc7e04221ed3dfd543aaf98c152c1eb6041395f52dd8c,120289
suite-dbt-practice-dear-man-dark-960x600.png,suite-dbt-practice-dear-man,dbtlib,,window_modal,true,window_overlay,true,suite:dbt-library@dark,,dark,960,600,960,600,yes,960,600,yes,.window,14f40cc1d505fafa42149544cf559a566c297b2dafb41ddd1343f37c203f0a53,128463
suite-dbt-practice-give-light-960x600.png,suite-dbt-practice-give,dbtlib,,window_modal,true,window_overlay,true,suite:dbt-library@light,,light,960,600,960,600,yes,960,600,yes,.window,b4170ade5b83198fff274715106e5525ea0d153f86ee2d0dea085c572b413bde,115831
suite-dbt-practice-give-dark-960x600.png,suite-dbt-practice-give,dbtlib,,window_modal,true,window_overlay,true,suite:dbt-library@dark,,dark,960,600,960,600,yes,960,600,yes,.window,b57e3d55c6001c83a498ffea22cd81d8d958b5221b252142837a23528c681548,123487
suite-dbt-practice-fast-light-960x600.png,suite-dbt-practice-fast,dbtlib,,window_modal,true,window_overlay,true,suite:dbt-library@light,,light,960,600,960,600,yes,960,600,yes,.window,8bda3724050d10c9ce618e3c66524b7237cd6cb449f47355896ca256455e6705,127912
suite-dbt-practice-fast-dark-960x600.png,suite-dbt-practice-fast,dbtlib,,window_modal,true,window_overlay,true,suite:dbt-library@dark,,dark,960,600,960,600,yes,960,600,yes,.window,e06392e2e5b140a9ab176d6a4119632de8b16c464fd5163049a0b8da0ab68c46,118271
suite-dbt-practice-validation-limits-light-960x600.png,suite-dbt-practice-validation-limits,dbtlib,,window_modal,true,window_overlay,true,suite:dbt-library@light,,light,960,600,960,600,yes,960,600,yes,.window,6679258f751a4b306c85504cab07d47e2fccdb7fedd75a54d74eebcbcd0b7152,125138
suite-dbt-practice-validation-limits-dark-960x600.png,suite-dbt-practice-validation-limits,dbtlib,,window_modal,true,window_overlay,true,suite:dbt-library@dark,,dark,960,600,960,600,yes,960,600,yes,.window,ff58ba3b2bb5403dc6dcb5a2b34c26584fb32d516b8a8dc1ed4382d6f9af83fe,121524
suite-onboarding-light-520x600.png,suite-onboarding,onboarding,normal,narrow,false,,false,,,light,520,600,520,600,yes,520,600,yes,.window,c2f9e84584ab2ce70f94a67a3700a13e4ad66e8e1293f518f590fd05f826b41a,131298
suite-onboarding-dark-520x600.png,suite-onboarding,onboarding,normal,narrow,false,,false,,,dark,520,600,520,600,yes,520,600,yes,.window,7ee8f343959b6390e418ef9158f483f7931ccdea4a6cace82ac8cdabdc11c8f6,118222
suite-onboarding-error-light-520x600.png,suite-onboarding-error,onboarding,error,narrow,false,,false,,,light,520,600,520,600,yes,520,600,yes,.window,3c371d5371c677dc334556a259cc9539fba0e5f2cbb74b7cadc13258930e0ac0,132661
suite-onboarding-error-dark-520x600.png,suite-onboarding-error,onboarding,error,narrow,false,,false,,,dark,520,600,520,600,yes,520,600,yes,.window,1363357c482cc24007fb7ef34924b039063b20464fc2186d216b50a98786c24f,120299
suite-recuperar-acceso-light-520x600.png,suite-recuperar-acceso,recuperar,,narrow,false,,false,,,light,520,600,520,600,yes,520,600,yes,.window,653540df313dd8719d2b53bb67c125592a4f25a2fbddd90ed131e5249565ee6f,134799
suite-recuperar-acceso-dark-520x600.png,suite-recuperar-acceso,recuperar,,narrow,false,,false,,,dark,520,600,520,600,yes,520,600,yes,.window,ff10172808ba6face2a12083a9f2d7732434cbffe259496f063d78cb1ad7f7ce,122607
