file,key,view,theme,surface,resolution,status,delta_class,baseline_mode,escalated,baseline_pair_count,mod_pair_count,baseline_mean,baseline_max,mod_mean,mod_max,mean_limit,max_limit,baseline_changed_pixel_ratio,mod_changed_pixel_ratio,failure_reason,original_a_file,original_b_file,modified_file
hub-pacientes-light-960x600.png,hub:pacientes@light,pacientes,light,window,960x600,PASS,EOL_ONLY_DELTA,single_1x1,False,1,1,0.0,0.0,0.0,0.0,5.0,50.0,0.0,0.0,,C:\Users\nosom\Desktop\nm_suite\reports\qa\mockup_parity_baseline\current_smoke\renders\original_A\hub-pacientes-light-960x600.png,C:\Users\nosom\Desktop\nm_suite\reports\qa\mockup_parity_baseline\current_smoke\renders\original_B\hub-pacientes-light-960x600.png,C:\Users\nosom\Desktop\nm_suite\reports\qa\mockup_parity_baseline\current_smoke\renders\modified\hub-pacientes-light-960x600.png
hub-pacientes-dark-960x600.png,hub:pacientes@dark,pacientes,dark,window,960x600,PASS,EOL_ONLY_DELTA,single_1x1,False,1,1,0.000489,37.0,0.002273,65.0,5.0,65.5,0.000283,0.000398,,C:\Users\nosom\Desktop\nm_suite\reports\qa\mockup_parity_baseline\current_smoke\renders\original_A\hub-pacientes-dark-960x600.png,C:\Users\nosom\Desktop\nm_suite\reports\qa\mockup_parity_baseline\current_smoke\renders\original_B\hub-pacientes-dark-960x600.png,C:\Users\nosom\Desktop\nm_suite\reports\qa\mockup_parity_baseline\current_smoke\renders\modified\hub-pacientes-dark-960x600.png
hub-pacientes-empty-light-960x600.png,hub:pacientes-empty@light,pacientes-empty,light,window,960x600,PASS,EOL_ONLY_DELTA,single_1x1,False,1,1,0.002594,47.0,8e-05,4.0,5.0,80.5,0.00021,7.1e-05,,C:\Users\nosom\Desktop\nm_suite\reports\qa\mockup_parity_baseline\current_smoke\renders\original_A\hub-pacientes-empty-light-960x600.png,C:\Users\nosom\Desktop\nm_suite\reports\qa\mockup_parity_baseline\current_smoke\renders\original_B\hub-pacientes-empty-light-960x600.png,C:\Users\nosom\Desktop\nm_suite\reports\qa\mockup_parity_baseline\current_smoke\renders\modified\hub-pacientes-empty-light-960x600.png
hub-pacientes-empty-dark-960x600.png,hub:pacientes-empty@dark,pacientes-empty,dark,window,960x600,PASS,EOL_ONLY_DELTA,single_1x1,False,1,1,7.5e-05,3.0,0.001726,40.0,5.0,50.0,0.000101,0.000186,,C:\Users\nosom\Desktop\nm_suite\reports\qa\mockup_parity_baseline\current_smoke\renders\original_A\hub-pacientes-empty-dark-960x600.png,C:\Users\nosom\Desktop\nm_suite\reports\qa\mockup_parity_baseline\current_smoke\renders\original_B\hub-pacientes-empty-dark-960x600.png,C:\Users\nosom\Desktop\nm_suite\reports\qa\mockup_parity_baseline\current_smoke\renders\modified\hub-pacientes-empty-dark-960x600.png
hub-detalle-light-960x600.png,hub:detalle@light,detalle,light,window,960x600,PASS,EOL_ONLY_DELTA,single_1x1,False,1,1,0.0,0.0,0.0,0.0,5.0,50.0,0.0,0.0,,C:\Users\nosom\Desktop\nm_suite\reports\qa\mockup_parity_baseline\current_smoke\renders\original_A\hub-detalle-light-960x600.png,C:\Users\nosom\Desktop\nm_suite\reports\qa\mockup_parity_baseline\current_smoke\renders\original_B\hub-detalle-light-960x600.png,C:\Users\nosom\Desktop\nm_suite\reports\qa\mockup_parity_baseline\current_smoke\renders\modified\hub-detalle-light-960x600.png
hub-detalle-dark-960x600.png,hub:detalle@dark,detalle,dark,window,960x600,PASS,EOL_ONLY_DELTA,single_1x1,False,1,1,0.0,0.0,0.0,0.0,5.0,50.0,0.0,0.0,,C:\Users\nosom\Desktop\nm_suite\reports\qa\mockup_parity_baseline\current_smoke\renders\original_A\hub-detalle-dark-960x600.png,C:\Users\nosom\Desktop\nm_suite\reports\qa\mockup_parity_baseline\current_smoke\renders\original_B\hub-detalle-dark-960x600.png,C:\Users\nosom\Desktop\nm_suite\reports\qa\mockup_parity_baseline\current_smoke\renders\modified\hub-detalle-dark-960x600.png
hub-detalle-plan-timer-light-960x600.png,hub:detalle-plan-timer@light,detalle-plan-timer,light,window,960x600,PASS,EOL_ONLY_DELTA,single_1x1,False,1,1,0.0,0.0,0.0,0.0,5.0,50.0,0.0,0.0,,C:\Users\nosom\Desktop\nm_suite\reports\qa\mockup_parity_baseline\current_smoke\renders\original_A\hub-detalle-plan-timer-light-960x600.png,C:\Users\nosom\Desktop\nm_suite\reports\qa\mockup_parity_baseline\current_smoke\renders\original_B\hub-detalle-plan-timer-light-960x600.png,C:\Users\nosom\Desktop\nm_suite\reports\qa\mockup_parity_baseline\current_smoke\renders\modified\hub-detalle-plan-timer-light-960x600.png
hub-detalle-plan-timer-dark-960x600.png,hub:detalle-plan-timer@dark,detalle-plan-timer,dark,window,960x600,PASS,EOL_ONLY_DELTA,single_1x1,False,1,1,0.0,0.0,0.0,0.0,5.0,50.0,0.0,0.0,,C:\Users\nosom\Desktop\nm_suite\reports\qa\mockup_parity_baseline\current_smoke\renders\original_A\hub-detalle-plan-timer-dark-960x600.png,C:\Users\nosom\Desktop\nm_suite\reports\qa\mockup_parity_baseline\current_smoke\renders\original_B\hub-detalle-plan-timer-dark-960x600.png,C:\Users\nosom\Desktop\nm_suite\reports\qa\mockup_parity_baseline\current_smoke\renders\modified\hub-detalle-plan-timer-dark-960x600.png
hub-detalle-plan-rutina-light-960x600.png,hub:detalle-plan-rutina@light,detalle-plan-rutina,light,window,960x600,PASS,EOL_ONLY_DELTA,single_1x1,False,1,1,0.0,0.0,0.0,0.0,5.0,50.0,0.0,0.0,,C:\Users\nosom\Desktop\nm_suite\reports\qa\mockup_parity_baseline\current_smoke\renders\original_A\hub-detalle-plan-rutina-light-960x600.png,C:\Users\nosom\Desktop\nm_suite\reports\qa\mockup_parity_baseline\current_smoke\renders\original_B\hub-detalle-plan-rutina-light-960x600.png,C:\Users\nosom\Desktop\nm_suite\reports\qa\mockup_parity_baseline\current_smoke\renders\modified\hub-detalle-plan-rutina-light-960x600.png
hub-detalle-plan-rutina-dark-960x600.png,hub:detalle-plan-rutina@dark,detalle-plan-rutina,dark,window,960x600,PASS,EOL_ONLY_DELTA,single_1x1,False,1,1,0.0,0.0,0.0,0.0,5.0,50.0,0.0,0.0,,C:\Users\nosom\Desktop\nm_suite\reports\qa\mockup_parity_baseline\current_smoke\renders\original_A\hub-detalle-plan-rutina-dark-960x600.png,C:\Users\nosom\Desktop\nm_suite\reports\qa\mockup_parity_baseline\current_smoke\renders\original_B\hub-detalle-plan-rutina-dark-960x600.png,C:\Users\nosom\Desktop\nm_suite\reports\qa\mockup_parity_baseline\current_smoke\renders\modified\hub-detalle-plan-rutina-dark-960x600.png
hub-detalle-plan-activacion-light-960x600.png,hub:detalle-plan-activacion@light,detalle-plan-activacion,light,window,960x600,PASS,EOL_ONLY_DELTA,single_1x1,False,1,1,0.0,0.0,0.0,0.0,5.0,50.0,0.0,0.0,,C:\Users\nosom\Desktop\nm_suite\reports\qa\mockup_parity_baseline\current_smoke\renders\original_A\hub-detalle-plan-activacion-light-960x600.png,C:\Users\nosom\Desktop\nm_suite\reports\qa\mockup_parity_baseline\current_smoke\renders\original_B\hub-detalle-plan-activacion-light-960x600.png,C:\Users\nosom\Desktop\nm_suite\reports\qa\mockup_parity_baseline\current_smoke\renders\modified\hub-detalle-plan-activacion-light-960x600.png
hub-detalle-plan-activacion-dark-960x600.png,hub:detalle-plan-activacion@dark,detalle-plan-activacion,dark,window,960x600,PASS,EOL_ONLY_DELTA,single_1x1,False,1,1,0.0,0.0,0.0,0.0,5.0,50.0,0.0,0.0,,C:\Users\nosom\Desktop\nm_suite\reports\qa\mockup_parity_baseline\current_smoke\renders\original_A\hub-detalle-plan-activacion-dark-960x600.png,C:\Users\nosom\Desktop\nm_suite\reports\qa\mockup_parity_baseline\current_smoke\renders\original_B\hub-detalle-plan-activacion-dark-960x600.png,C:\Users\nosom\Desktop\nm_suite\reports\qa\mockup_parity_baseline\current_smoke\renders\modified\hub-detalle-plan-activacion-dark-960x600.png
hub-detalle-resumen-ia-0-light-560x220.png,hub:detalle-resumen-ia-0@light,detalle-resumen-ia-0,light,modal,560x220,FAIL,EOL_ONLY_DELTA,single_1x1,False,1,1,0.0,0.0,1.80734,154.0,5.0,50.0,0.0,0.121047,dynamic_baseline_exceeded,C:\Users\nosom\Desktop\nm_suite\reports\qa\mockup_parity_baseline\current_smoke\renders\original_A\hub-detalle-resumen-ia-0-light-560x220.png,C:\Users\nosom\Desktop\nm_suite\reports\qa\mockup_parity_baseline\current_smoke\renders\original_B\hub-detalle-resumen-ia-0-light-560x220.png,C:\Users\nosom\Desktop\nm_suite\reports\qa\mockup_parity_baseline\current_smoke\renders\modified\hub-detalle-resumen-ia-0-light-560x220.png
hub-detalle-resumen-ia-0-dark-560x220.png,hub:detalle-resumen-ia-0@dark,detalle-resumen-ia-0,dark,modal,560x220,PASS,EOL_ONLY_DELTA,single_1x1,False,1,1,1.750319,147.0,1.76099,147.0,5.0,230.5,0.117354,0.118076,,C:\Users\nosom\Desktop\nm_suite\reports\qa\mockup_parity_baseline\current_smoke\renders\original_A\hub-detalle-resumen-ia-0-dark-560x220.png,C:\Users\nosom\Desktop\nm_suite\reports\qa\mockup_parity_baseline\current_smoke\renders\original_B\hub-detalle-resumen-ia-0-dark-560x220.png,C:\Users\nosom\Desktop\nm_suite\reports\qa\mockup_parity_baseline\current_smoke\renders\modified\hub-detalle-resumen-ia-0-dark-560x220.png
hub-textos-globales-light-960x600.png,hub:textos-globales@light,textos-globales,light,window,960x600,PASS,EOL_ONLY_DELTA,single_1x1,False,1,1,0.0,0.0,0.0,0.0,5.0,50.0,0.0,0.0,,C:\Users\nosom\Desktop\nm_suite\reports\qa\mockup_parity_baseline\current_smoke\renders\original_A\hub-textos-globales-light-960x600.png,C:\Users\nosom\Desktop\nm_suite\reports\qa\mockup_parity_baseline\current_smoke\renders\original_B\hub-textos-globales-light-960x600.png,C:\Users\nosom\Desktop\nm_suite\reports\qa\mockup_parity_baseline\current_smoke\renders\modified\hub-textos-globales-light-960x600.png
hub-textos-globales-dark-960x600.png,hub:textos-globales@dark,textos-globales,dark,window,960x600,PASS,EOL_ONLY_DELTA,single_1x1,False,1,1,0.0,0.0,0.0,0.0,5.0,50.0,0.0,0.0,,C:\Users\nosom\Desktop\nm_suite\reports\qa\mockup_parity_baseline\current_smoke\renders\original_A\hub-textos-globales-dark-960x600.png,C:\Users\nosom\Desktop\nm_suite\reports\qa\mockup_parity_baseline\current_smoke\renders\original_B\hub-textos-globales-dark-960x600.png,C:\Users\nosom\Desktop\nm_suite\reports\qa\mockup_parity_baseline\current_smoke\renders\modified\hub-textos-globales-dark-960x600.png
suite-home-light-960x600.png,suite:home@light,home,light,window,960x600,PASS,EOL_ONLY_DELTA,single_1x1,False,1,1,0.003302,8.0,0.000204,35.0,5.0,50.0,0.001226,9.2e-05,,C:\Users\nosom\Desktop\nm_suite\reports\qa\mockup_parity_baseline\current_smoke\renders\original_A\suite-home-light-960x600.png,C:\Users\nosom\Desktop\nm_suite\reports\qa\mockup_parity_baseline\current_smoke\renders\original_B\suite-home-light-960x600.png,C:\Users\nosom\Desktop\nm_suite\reports\qa\mockup_parity_baseline\current_smoke\renders\modified\suite-home-light-960x600.png
suite-home-dark-960x600.png,suite:home@dark,home,dark,window,960x600,PASS,EOL_ONLY_DELTA,single_1x1,False,1,1,0.000501,41.0,0.000395,42.0,5.0,71.5,0.000601,0.000606,,C:\Users\nosom\Desktop\nm_suite\reports\qa\mockup_parity_baseline\current_smoke\renders\original_A\suite-home-dark-960x600.png,C:\Users\nosom\Desktop\nm_suite\reports\qa\mockup_parity_baseline\current_smoke\renders\original_B\suite-home-dark-960x600.png,C:\Users\nosom\Desktop\nm_suite\reports\qa\mockup_parity_baseline\current_smoke\renders\modified\suite-home-dark-960x600.png
suite-home-no-score-light-960x600.png,suite:home-no-score@light,home-no-score,light,window,960x600,PASS,EOL_ONLY_DELTA,single_1x1,False,1,1,6.3e-05,3.0,0.000163,19.0,5.0,50.0,6.9e-05,5.7e-05,,C:\Users\nosom\Desktop\nm_suite\reports\qa\mockup_parity_baseline\current_smoke\renders\original_A\suite-home-no-score-light-960x600.png,C:\Users\nosom\Desktop\nm_suite\reports\qa\mockup_parity_baseline\current_smoke\renders\original_B\suite-home-no-score-light-960x600.png,C:\Users\nosom\Desktop\nm_suite\reports\qa\mockup_parity_baseline\current_smoke\renders\modified\suite-home-no-score-light-960x600.png
suite-home-no-score-dark-960x600.png,suite:home-no-score@dark,home-no-score,dark,window,960x600,PASS,EOL_ONLY_DELTA,single_1x1,False,1,1,0.000157,17.0,0.000201,17.0,5.0,50.0,8.3e-05,0.000141,,C:\Users\nosom\Desktop\nm_suite\reports\qa\mockup_parity_baseline\current_smoke\renders\original_A\suite-home-no-score-dark-960x600.png,C:\Users\nosom\Desktop\nm_suite\reports\qa\mockup_parity_baseline\current_smoke\renders\original_B\suite-home-no-score-dark-960x600.png,C:\Users\nosom\Desktop\nm_suite\reports\qa\mockup_parity_baseline\current_smoke\renders\modified\suite-home-no-score-dark-960x600.png
suite-animo-light-960x600.png,suite:animo@light,animo,light,window,960x600,PASS,EOL_ONLY_DELTA,single_1x1,False,1,1,0.000246,1.0,0.000242,1.0,5.0,50.0,0.000316,0.000313,,C:\Users\nosom\Desktop\nm_suite\reports\qa\mockup_parity_baseline\current_smoke\renders\original_A\suite-animo-light-960x600.png,C:\Users\nosom\Desktop\nm_suite\reports\qa\mockup_parity_baseline\current_smoke\renders\original_B\suite-animo-light-960x600.png,C:\Users\nosom\Desktop\nm_suite\reports\qa\mockup_parity_baseline\current_smoke\renders\modified\suite-animo-light-960x600.png
suite-animo-dark-960x600.png,suite:animo@dark,animo,dark,window,960x600,PASS,EOL_ONLY_DELTA,single_1x1,False,1,1,1.2e-05,4.0,9e-06,1.0,5.0,50.0,1e-05,1.2e-05,,C:\Users\nosom\Desktop\nm_suite\reports\qa\mockup_parity_baseline\current_smoke\renders\original_A\suite-animo-dark-960x600.png,C:\Users\nosom\Desktop\nm_suite\reports\qa\mockup_parity_baseline\current_smoke\renders\original_B\suite-animo-dark-960x600.png,C:\Users\nosom\Desktop\nm_suite\reports\qa\mockup_parity_baseline\current_smoke\renders\modified\suite-animo-dark-960x600.png
suite-respiracion-light-960x600.png,suite:respiracion@light,respiracion,light,window,960x600,PASS,EOL_ONLY_DELTA,single_1x1,False,1,1,0.000175,3.0,0.000125,3.0,5.0,50.0,0.000259,0.000182,,C:\Users\nosom\Desktop\nm_suite\reports\qa\mockup_parity_baseline\current_smoke\renders\original_A\suite-respiracion-light-960x600.png,C:\Users\nosom\Desktop\nm_suite\reports\qa\mockup_parity_baseline\current_smoke\renders\original_B\suite-respiracion-light-960x600.png,C:\Users\nosom\Desktop\nm_suite\reports\qa\mockup_parity_baseline\current_smoke\renders\modified\suite-respiracion-light-960x600.png
suite-respiracion-dark-960x600.png,suite:respiracion@dark,respiracion,dark,window,960x600,PASS,EOL_ONLY_DELTA,single_1x1,False,1,1,4.3e-05,3.0,3.5e-05,2.0,5.0,50.0,6.9e-05,5.7e-05,,C:\Users\nosom\Desktop\nm_suite\reports\qa\mockup_parity_baseline\current_smoke\renders\original_A\suite-respiracion-dark-960x600.png,C:\Users\nosom\Desktop\nm_suite\reports\qa\mockup_parity_baseline\current_smoke\renders\original_B\suite-respiracion-dark-960x600.png,C:\Users\nosom\Desktop\nm_suite\reports\qa\mockup_parity_baseline\current_smoke\renders\modified\suite-respiracion-dark-960x600.png
suite-respiracion-running-light-960x600.png,suite:respiracion-running@light,respiracion-running,light,window,960x600,PASS,EOL_ONLY_DELTA,single_1x1,False,1,1,1.8e-05,2.0,8.3e-05,2.0,5.0,50.0,2.6e-05,0.000116,,C:\Users\nosom\Desktop\nm_suite\reports\qa\mockup_parity_baseline\current_smoke\renders\original_A\suite-respiracion-running-light-960x600.png,C:\Users\nosom\Desktop\nm_suite\reports\qa\mockup_parity_baseline\current_smoke\renders\original_B\suite-respiracion-running-light-960x600.png,C:\Users\nosom\Desktop\nm_suite\reports\qa\mockup_parity_baseline\current_smoke\renders\modified\suite-respiracion-running-light-960x600.png
suite-respiracion-running-dark-960x600.png,suite:respiracion-running@dark,respiracion-running,dark,window,960x600,PASS,EOL_ONLY_DELTA,single_1x1,False,1,1,4.1e-05,3.0,5.2e-05,3.0,5.0,50.0,5.4e-05,8e-05,,C:\Users\nosom\Desktop\nm_suite\reports\qa\mockup_parity_baseline\current_smoke\renders\original_A\suite-respiracion-running-dark-960x600.png,C:\Users\nosom\Desktop\nm_suite\reports\qa\mockup_parity_baseline\current_smoke\renders\original_B\suite-respiracion-running-dark-960x600.png,C:\Users\nosom\Desktop\nm_suite\reports\qa\mockup_parity_baseline\current_smoke\renders\modified\suite-respiracion-running-dark-960x600.png
suite-respiracion-paused-light-960x600.png,suite:respiracion-paused@light,respiracion-paused,light,window,960x600,PASS,EOL_ONLY_DELTA,single_1x1,False,1,1,3.8e-05,2.0,2.7e-05,2.0,5.0,50.0,5e-05,3.5e-05,,C:\Users\nosom\Desktop\nm_suite\reports\qa\mockup_parity_baseline\current_smoke\renders\original_A\suite-respiracion-paused-light-960x600.png,C:\Users\nosom\Desktop\nm_suite\reports\qa\mockup_parity_baseline\current_smoke\renders\original_B\suite-respiracion-paused-light-960x600.png,C:\Users\nosom\Desktop\nm_suite\reports\qa\mockup_parity_baseline\current_smoke\renders\modified\suite-respiracion-paused-light-960x600.png
suite-respiracion-paused-dark-960x600.png,suite:respiracion-paused@dark,respiracion-paused,dark,window,960x600,PASS,EOL_ONLY_DELTA,single_1x1,False,1,1,8.9e-05,2.0,8e-05,2.0,5.0,50.0,0.000165,0.000148,,C:\Users\nosom\Desktop\nm_suite\reports\qa\mockup_parity_baseline\current_smoke\renders\original_A\suite-respiracion-paused-dark-960x600.png,C:\Users\nosom\Desktop\nm_suite\reports\qa\mockup_parity_baseline\current_smoke\renders\original_B\suite-respiracion-paused-dark-960x600.png,C:\Users\nosom\Desktop\nm_suite\reports\qa\mockup_parity_baseline\current_smoke\renders\modified\suite-respiracion-paused-dark-960x600.png
suite-timer-light-960x600.png,suite:timer@light,timer,light,window,960x600,PASS,EOL_ONLY_DELTA,single_1x1,False,1,1,0.0,0.0,1e-06,1.0,5.0,50.0,0.0,2e-06,,C:\Users\nosom\Desktop\nm_suite\reports\qa\mockup_parity_baseline\current_smoke\renders\original_A\suite-timer-light-960x600.png,C:\Users\nosom\Desktop\nm_suite\reports\qa\mockup_parity_baseline\current_smoke\renders\original_B\suite-timer-light-960x600.png,C:\Users\nosom\Desktop\nm_suite\reports\qa\mockup_parity_baseline\current_smoke\renders\modified\suite-timer-light-960x600.png
suite-timer-dark-960x600.png,suite:timer@dark,timer,dark,window,960x600,PASS,EOL_ONLY_DELTA,single_1x1,False,1,1,1.9e-05,3.0,0.0,0.0,5.0,50.0,2.1e-05,0.0,,C:\Users\nosom\Desktop\nm_suite\reports\qa\mockup_parity_baseline\current_smoke\renders\original_A\suite-timer-dark-960x600.png,C:\Users\nosom\Desktop\nm_suite\reports\qa\mockup_parity_baseline\current_smoke\renders\original_B\suite-timer-dark-960x600.png,C:\Users\nosom\Desktop\nm_suite\reports\qa\mockup_parity_baseline\current_smoke\renders\modified\suite-timer-dark-960x600.png
suite-timer-running-light-960x600.png,suite:timer-running@light,timer-running,light,window,960x600,PASS,EOL_ONLY_DELTA,single_1x1,False,1,1,1.9e-05,2.0,1.9e-05,2.0,5.0,50.0,2.3e-05,2.3e-05,,C:\Users\nosom\Desktop\nm_suite\reports\qa\mockup_parity_baseline\current_smoke\renders\original_A\suite-timer-running-light-960x600.png,C:\Users\nosom\Desktop\nm_suite\reports\qa\mockup_parity_baseline\current_smoke\renders\original_B\suite-timer-running-light-960x600.png,C:\Users\nosom\Desktop\nm_suite\reports\qa\mockup_parity_baseline\current_smoke\renders\modified\suite-timer-running-light-960x600.png
suite-timer-running-dark-960x600.png,suite:timer-running@dark,timer-running,dark,window,960x600,PASS,EOL_ONLY_DELTA,single_1x1,False,1,1,0.0,0.0,8e-06,4.0,5.0,50.0,0.0,7e-06,,C:\Users\nosom\Desktop\nm_suite\reports\qa\mockup_parity_baseline\current_smoke\renders\original_A\suite-timer-running-dark-960x600.png,C:\Users\nosom\Desktop\nm_suite\reports\qa\mockup_parity_baseline\current_smoke\renders\original_B\suite-timer-running-dark-960x600.png,C:\Users\nosom\Desktop\nm_suite\reports\qa\mockup_parity_baseline\current_smoke\renders\modified\suite-timer-running-dark-960x600.png
suite-timer-paused-light-960x600.png,suite:timer-paused@light,timer-paused,light,window,960x600,PASS,EOL_ONLY_DELTA,single_1x1,False,1,1,1e-06,1.0,1e-06,1.0,5.0,50.0,2e-06,2e-06,,C:\Users\nosom\Desktop\nm_suite\reports\qa\mockup_parity_baseline\current_smoke\renders\original_A\suite-timer-paused-light-960x600.png,C:\Users\nosom\Desktop\nm_suite\reports\qa\mockup_parity_baseline\current_smoke\renders\original_B\suite-timer-paused-light-960x600.png,C:\Users\nosom\Desktop\nm_suite\reports\qa\mockup_parity_baseline\current_smoke\renders\modified\suite-timer-paused-light-960x600.png
suite-timer-paused-dark-960x600.png,suite:timer-paused@dark,timer-paused,dark,window,960x600,PASS,EOL_ONLY_DELTA,single_1x1,False,1,1,1.9e-05,3.0,0.0,0.0,5.0,50.0,2.1e-05,0.0,,C:\Users\nosom\Desktop\nm_suite\reports\qa\mockup_parity_baseline\current_smoke\renders\original_A\suite-timer-paused-dark-960x600.png,C:\Users\nosom\Desktop\nm_suite\reports\qa\mockup_parity_baseline\current_smoke\renders\original_B\suite-timer-paused-dark-960x600.png,C:\Users\nosom\Desktop\nm_suite\reports\qa\mockup_parity_baseline\current_smoke\renders\modified\suite-timer-paused-dark-960x600.png
suite-timer-empty-light-960x600.png,suite:timer-empty@light,timer-empty,light,window,960x600,PASS,EOL_ONLY_DELTA,single_1x1,False,1,1,0.003278,46.0,0.003233,45.0,5.0,79.0,0.000194,0.00016,,C:\Users\nosom\Desktop\nm_suite\reports\qa\mockup_parity_baseline\current_smoke\renders\original_A\suite-timer-empty-light-960x600.png,C:\Users\nosom\Desktop\nm_suite\reports\qa\mockup_parity_baseline\current_smoke\renders\original_B\suite-timer-empty-light-960x600.png,C:\Users\nosom\Desktop\nm_suite\reports\qa\mockup_parity_baseline\current_smoke\renders\modified\suite-timer-empty-light-960x600.png
suite-timer-empty-dark-960x600.png,suite:timer-empty@dark,timer-empty,dark,window,960x600,PASS,EOL_ONLY_DELTA,single_1x1,False,1,1,0.002214,41.0,0.002214,41.0,5.0,71.5,0.0002,0.0002,,C:\Users\nosom\Desktop\nm_suite\reports\qa\mockup_parity_baseline\current_smoke\renders\original_A\suite-timer-empty-dark-960x600.png,C:\Users\nosom\Desktop\nm_suite\reports\qa\mockup_parity_baseline\current_smoke\renders\original_B\suite-timer-empty-dark-960x600.png,C:\Users\nosom\Desktop\nm_suite\reports\qa\mockup_parity_baseline\current_smoke\renders\modified\suite-timer-empty-dark-960x600.png
suite-rutina-light-960x600.png,suite:rutina@light,rutina,light,window,960x600,PASS,EOL_ONLY_DELTA,single_1x1,False,1,1,0.000782,26.0,0.000453,18.0,5.0,50.0,0.000238,0.00026,,C:\Users\nosom\Desktop\nm_suite\reports\qa\mockup_parity_baseline\current_smoke\renders\original_A\suite-rutina-light-960x600.png,C:\Users\nosom\Desktop\nm_suite\reports\qa\mockup_parity_baseline\current_smoke\renders\original_B\suite-rutina-light-960x600.png,C:\Users\nosom\Desktop\nm_suite\reports\qa\mockup_parity_baseline\current_smoke\renders\modified\suite-rutina-light-960x600.png
suite-rutina-dark-960x600.png,suite:rutina@dark,rutina,dark,window,960x600,PASS,EOL_ONLY_DELTA,single_1x1,False,1,1,5e-05,3.0,0.000122,5.0,5.0,50.0,5.4e-05,9.9e-05,,C:\Users\nosom\Desktop\nm_suite\reports\qa\mockup_parity_baseline\current_smoke\renders\original_A\suite-rutina-dark-960x600.png,C:\Users\nosom\Desktop\nm_suite\reports\qa\mockup_parity_baseline\current_smoke\renders\original_B\suite-rutina-dark-960x600.png,C:\Users\nosom\Desktop\nm_suite\reports\qa\mockup_parity_baseline\current_smoke\renders\modified\suite-rutina-dark-960x600.png
suite-rutina-add-task-light-960x600.png,suite:rutina-add-task@light,rutina-add-task,light,window,960x600,PASS,EOL_ONLY_DELTA,single_1x1,False,1,1,0.00011,5.0,4.9e-05,4.0,5.0,50.0,8.3e-05,4.9e-05,,C:\Users\nosom\Desktop\nm_suite\reports\qa\mockup_parity_baseline\current_smoke\renders\original_A\suite-rutina-add-task-light-960x600.png,C:\Users\nosom\Desktop\nm_suite\reports\qa\mockup_parity_baseline\current_smoke\renders\original_B\suite-rutina-add-task-light-960x600.png,C:\Users\nosom\Desktop\nm_suite\reports\qa\mockup_parity_baseline\current_smoke\renders\modified\suite-rutina-add-task-light-960x600.png
suite-rutina-add-task-dark-960x600.png,suite:rutina-add-task@dark,rutina-add-task,dark,window,960x600,PASS,EOL_ONLY_DELTA,single_1x1,False,1,1,0.000723,23.0,0.000155,19.0,5.0,50.0,0.000335,7.1e-05,,C:\Users\nosom\Desktop\nm_suite\reports\qa\mockup_parity_baseline\current_smoke\renders\original_A\suite-rutina-add-task-dark-960x600.png,C:\Users\nosom\Desktop\nm_suite\reports\qa\mockup_parity_baseline\current_smoke\renders\original_B\suite-rutina-add-task-dark-960x600.png,C:\Users\nosom\Desktop\nm_suite\reports\qa\mockup_parity_baseline\current_smoke\renders\modified\suite-rutina-add-task-dark-960x600.png
suite-rutina-all-completed-light-960x600.png,suite:rutina-all-completed@light,rutina-all-completed,light,window,960x600,PASS,EOL_ONLY_DELTA,single_1x1,False,1,1,0.001251,44.0,0.000812,44.0,5.0,76.0,0.000267,0.0002,,C:\Users\nosom\Desktop\nm_suite\reports\qa\mockup_parity_baseline\current_smoke\renders\original_A\suite-rutina-all-completed-light-960x600.png,C:\Users\nosom\Desktop\nm_suite\reports\qa\mockup_parity_baseline\current_smoke\renders\original_B\suite-rutina-all-completed-light-960x600.png,C:\Users\nosom\Desktop\nm_suite\reports\qa\mockup_parity_baseline\current_smoke\renders\modified\suite-rutina-all-completed-light-960x600.png
suite-rutina-all-completed-dark-960x600.png,suite:rutina-all-completed@dark,rutina-all-completed,dark,window,960x600,PASS,EOL_ONLY_DELTA,single_1x1,False,1,1,0.00168,40.0,0.000947,39.0,5.0,70.0,0.000533,0.000259,,C:\Users\nosom\Desktop\nm_suite\reports\qa\mockup_parity_baseline\current_smoke\renders\original_A\suite-rutina-all-completed-dark-960x600.png,C:\Users\nosom\Desktop\nm_suite\reports\qa\mockup_parity_baseline\current_smoke\renders\original_B\suite-rutina-all-completed-dark-960x600.png,C:\Users\nosom\Desktop\nm_suite\reports\qa\mockup_parity_baseline\current_smoke\renders\modified\suite-rutina-all-completed-dark-960x600.png
suite-rutina-empty-light-960x600.png,suite:rutina-empty@light,rutina-empty,light,window,960x600,PASS,EOL_ONLY_DELTA,single_1x1,False,1,1,0.0,0.0,1e-06,1.0,5.0,50.0,0.0,2e-06,,C:\Users\nosom\Desktop\nm_suite\reports\qa\mockup_parity_baseline\current_smoke\renders\original_A\suite-rutina-empty-light-960x600.png,C:\Users\nosom\Desktop\nm_suite\reports\qa\mockup_parity_baseline\current_smoke\renders\original_B\suite-rutina-empty-light-960x600.png,C:\Users\nosom\Desktop\nm_suite\reports\qa\mockup_parity_baseline\current_smoke\renders\modified\suite-rutina-empty-light-960x600.png
suite-rutina-empty-dark-960x600.png,suite:rutina-empty@dark,rutina-empty,dark,window,960x600,PASS,EOL_ONLY_DELTA,single_1x1,False,1,1,0.003214,40.0,0.003214,40.0,5.0,70.0,0.000257,0.000257,,C:\Users\nosom\Desktop\nm_suite\reports\qa\mockup_parity_baseline\current_smoke\renders\original_A\suite-rutina-empty-dark-960x600.png,C:\Users\nosom\Desktop\nm_suite\reports\qa\mockup_parity_baseline\current_smoke\renders\original_B\suite-rutina-empty-dark-960x600.png,C:\Users\nosom\Desktop\nm_suite\reports\qa\mockup_parity_baseline\current_smoke\renders\modified\suite-rutina-empty-dark-960x600.png
suite-avisos-light-960x600.png,suite:avisos@light,avisos,light,window,960x600,PASS,EOL_ONLY_DELTA,single_1x1,False,1,1,6.1e-05,17.0,3.6e-05,17.0,5.0,50.0,4.2e-05,9e-06,,C:\Users\nosom\Desktop\nm_suite\reports\qa\mockup_parity_baseline\current_smoke\renders\original_A\suite-avisos-light-960x600.png,C:\Users\nosom\Desktop\nm_suite\reports\qa\mockup_parity_baseline\current_smoke\renders\original_B\suite-avisos-light-960x600.png,C:\Users\nosom\Desktop\nm_suite\reports\qa\mockup_parity_baseline\current_smoke\renders\modified\suite-avisos-light-960x600.png
suite-avisos-dark-960x600.png,suite:avisos@dark,avisos,dark,window,960x600,PASS,EOL_ONLY_DELTA,single_1x1,False,1,1,0.000459,50.0,0.000488,50.0,5.0,85.0,5.2e-05,8.5e-05,,C:\Users\nosom\Desktop\nm_suite\reports\qa\mockup_parity_baseline\current_smoke\renders\original_A\suite-avisos-dark-960x600.png,C:\Users\nosom\Desktop\nm_suite\reports\qa\mockup_parity_baseline\current_smoke\renders\original_B\suite-avisos-dark-960x600.png,C:\Users\nosom\Desktop\nm_suite\reports\qa\mockup_parity_baseline\current_smoke\renders\modified\suite-avisos-dark-960x600.png
suite-avisos-filter-activos-light-960x600.png,suite:avisos-filter-activos@light,avisos-filter-activos,light,window,960x600,PASS,EOL_ONLY_DELTA,single_1x1,False,1,1,0.0,0.0,0.0,0.0,5.0,50.0,0.0,0.0,,C:\Users\nosom\Desktop\nm_suite\reports\qa\mockup_parity_baseline\current_smoke\renders\original_A\suite-avisos-filter-activos-light-960x600.png,C:\Users\nosom\Desktop\nm_suite\reports\qa\mockup_parity_baseline\current_smoke\renders\original_B\suite-avisos-filter-activos-light-960x600.png,C:\Users\nosom\Desktop\nm_suite\reports\qa\mockup_parity_baseline\current_smoke\renders\modified\suite-avisos-filter-activos-light-960x600.png
suite-avisos-filter-activos-dark-960x600.png,suite:avisos-filter-activos@dark,avisos-filter-activos,dark,window,960x600,PASS,EOL_ONLY_DELTA,single_1x1,False,1,1,2.6e-05,2.0,2.6e-05,2.0,5.0,50.0,3.1e-05,3.1e-05,,C:\Users\nosom\Desktop\nm_suite\reports\qa\mockup_parity_baseline\current_smoke\renders\original_A\suite-avisos-filter-activos-dark-960x600.png,C:\Users\nosom\Desktop\nm_suite\reports\qa\mockup_parity_baseline\current_smoke\renders\original_B\suite-avisos-filter-activos-dark-960x600.png,C:\Users\nosom\Desktop\nm_suite\reports\qa\mockup_parity_baseline\current_smoke\renders\modified\suite-avisos-filter-activos-dark-960x600.png
suite-avisos-today-light-960x600.png,suite:avisos-today@light,avisos-today,light,window,960x600,PASS,EOL_ONLY_DELTA,single_1x1,False,1,1,2.5e-05,2.0,3.7e-05,2.0,5.0,50.0,3.1e-05,3.3e-05,,C:\Users\nosom\Desktop\nm_suite\reports\qa\mockup_parity_baseline\current_smoke\renders\original_A\suite-avisos-today-light-960x600.png,C:\Users\nosom\Desktop\nm_suite\reports\qa\mockup_parity_baseline\current_smoke\renders\original_B\suite-avisos-today-light-960x600.png,C:\Users\nosom\Desktop\nm_suite\reports\qa\mockup_parity_baseline\current_smoke\renders\modified\suite-avisos-today-light-960x600.png
suite-avisos-today-dark-960x600.png,suite:avisos-today@dark,avisos-today,dark,window,960x600,PASS,EOL_ONLY_DELTA,single_1x1,False,1,1,2.8e-05,2.0,2.8e-05,2.0,5.0,50.0,3.3e-05,3.3e-05,,C:\Users\nosom\Desktop\nm_suite\reports\qa\mockup_parity_baseline\current_smoke\renders\original_A\suite-avisos-today-dark-960x600.png,C:\Users\nosom\Desktop\nm_suite\reports\qa\mockup_parity_baseline\current_smoke\renders\original_B\suite-avisos-today-dark-960x600.png,C:\Users\nosom\Desktop\nm_suite\reports\qa\mockup_parity_baseline\current_smoke\renders\modified\suite-avisos-today-dark-960x600.png
suite-avisos-search-light-960x600.png,suite:avisos-search@light,avisos-search,light,window,960x600,PASS,EOL_ONLY_DELTA,single_1x1,False,1,1,0.000927,22.0,0.000927,22.0,5.0,50.0,0.000155,0.000155,,C:\Users\nosom\Desktop\nm_suite\reports\qa\mockup_parity_baseline\current_smoke\renders\original_A\suite-avisos-search-light-960x600.png,C:\Users\nosom\Desktop\nm_suite\reports\qa\mockup_parity_baseline\current_smoke\renders\original_B\suite-avisos-search-light-960x600.png,C:\Users\nosom\Desktop\nm_suite\reports\qa\mockup_parity_baseline\current_smoke\renders\modified\suite-avisos-search-light-960x600.png
suite-avisos-search-dark-960x600.png,suite:avisos-search@dark,avisos-search,dark,window,960x600,PASS,EOL_ONLY_DELTA,single_1x1,False,1,1,0.000783,19.0,0.000852,19.0,5.0,50.0,9.5e-05,0.000158,,C:\Users\nosom\Desktop\nm_suite\reports\qa\mockup_parity_baseline\current_smoke\renders\original_A\suite-avisos-search-dark-960x600.png,C:\Users\nosom\Desktop\nm_suite\reports\qa\mockup_parity_baseline\current_smoke\renders\original_B\suite-avisos-search-dark-960x600.png,C:\Users\nosom\Desktop\nm_suite\reports\qa\mockup_parity_baseline\current_smoke\renders\modified\suite-avisos-search-dark-960x600.png
suite-avisos-empty-light-960x600.png,suite:avisos-empty@light,avisos-empty,light,window,960x600,PASS,EOL_ONLY_DELTA,single_1x1,False,1,1,9.3e-05,5.0,2.5e-05,2.0,5.0,50.0,7.6e-05,3.3e-05,,C:\Users\nosom\Desktop\nm_suite\reports\qa\mockup_parity_baseline\current_smoke\renders\original_A\suite-avisos-empty-light-960x600.png,C:\Users\nosom\Desktop\nm_suite\reports\qa\mockup_parity_baseline\current_smoke\renders\original_B\suite-avisos-empty-light-960x600.png,C:\Users\nosom\Desktop\nm_suite\reports\qa\mockup_parity_baseline\current_smoke\renders\modified\suite-avisos-empty-light-960x600.png
suite-avisos-empty-dark-960x600.png,suite:avisos-empty@dark,avisos-empty,dark,window,960x600,PASS,EOL_ONLY_DELTA,single_1x1,False,1,1,2e-06,1.0,0.002594,40.0,5.0,50.0,2e-06,0.000224,,C:\Users\nosom\Desktop\nm_suite\reports\qa\mockup_parity_baseline\current_smoke\renders\original_A\suite-avisos-empty-dark-960x600.png,C:\Users\nosom\Desktop\nm_suite\reports\qa\mockup_parity_baseline\current_smoke\renders\original_B\suite-avisos-empty-dark-960x600.png,C:\Users\nosom\Desktop\nm_suite\reports\qa\mockup_parity_baseline\current_smoke\renders\modified\suite-avisos-empty-dark-960x600.png
suite-actividades-light-960x600.png,suite:actividades@light,actividades,light,window,960x600,PASS,EOL_ONLY_DELTA,single_1x1,False,1,1,0.0,0.0,0.0,0.0,5.0,50.0,0.0,0.0,,C:\Users\nosom\Desktop\nm_suite\reports\qa\mockup_parity_baseline\current_smoke\renders\original_A\suite-actividades-light-960x600.png,C:\Users\nosom\Desktop\nm_suite\reports\qa\mockup_parity_baseline\current_smoke\renders\original_B\suite-actividades-light-960x600.png,C:\Users\nosom\Desktop\nm_suite\reports\qa\mockup_parity_baseline\current_smoke\renders\modified\suite-actividades-light-960x600.png
suite-actividades-dark-960x600.png,suite:actividades@dark,actividades,dark,window,960x600,PASS,EOL_ONLY_DELTA,single_1x1,False,1,1,0.000185,41.0,0.0,0.0,5.0,71.5,3.8e-05,0.0,,C:\Users\nosom\Desktop\nm_suite\reports\qa\mockup_parity_baseline\current_smoke\renders\original_A\suite-actividades-dark-960x600.png,C:\Users\nosom\Desktop\nm_suite\reports\qa\mockup_parity_baseline\current_smoke\renders\original_B\suite-actividades-dark-960x600.png,C:\Users\nosom\Desktop\nm_suite\reports\qa\mockup_parity_baseline\current_smoke\renders\modified\suite-actividades-dark-960x600.png
suite-actividades-filtered-light-960x600.png,suite:actividades-filtered@light,actividades-filtered,light,window,960x600,PASS,EOL_ONLY_DELTA,single_1x1,False,1,1,0.0,0.0,0.000126,30.0,5.0,50.0,0.0,1.9e-05,,C:\Users\nosom\Desktop\nm_suite\reports\qa\mockup_parity_baseline\current_smoke\renders\original_A\suite-actividades-filtered-light-960x600.png,C:\Users\nosom\Desktop\nm_suite\reports\qa\mockup_parity_baseline\current_smoke\renders\original_B\suite-actividades-filtered-light-960x600.png,C:\Users\nosom\Desktop\nm_suite\reports\qa\mockup_parity_baseline\current_smoke\renders\modified\suite-actividades-filtered-light-960x600.png
suite-actividades-filtered-dark-960x600.png,suite:actividades-filtered@dark,actividades-filtered,dark,window,960x600,PASS,EOL_ONLY_DELTA,single_1x1,False,1,1,0.000203,44.0,0.000175,44.0,5.0,76.0,3.8e-05,4.9e-05,,C:\Users\nosom\Desktop\nm_suite\reports\qa\mockup_parity_baseline\current_smoke\renders\original_A\suite-actividades-filtered-dark-960x600.png,C:\Users\nosom\Desktop\nm_suite\reports\qa\mockup_parity_baseline\current_smoke\renders\original_B\suite-actividades-filtered-dark-960x600.png,C:\Users\nosom\Desktop\nm_suite\reports\qa\mockup_parity_baseline\current_smoke\renders\modified\suite-actividades-filtered-dark-960x600.png
suite-actividades-marked-hice-light-960x600.png,suite:actividades-marked-hice@light,actividades-marked-hice,light,window,960x600,PASS,EOL_ONLY_DELTA,single_1x1,False,1,1,0.000158,30.0,0.000168,33.0,5.0,55.0,4.2e-05,6.6e-05,,C:\Users\nosom\Desktop\nm_suite\reports\qa\mockup_parity_baseline\current_smoke\renders\original_A\suite-actividades-marked-hice-light-960x600.png,C:\Users\nosom\Desktop\nm_suite\reports\qa\mockup_parity_baseline\current_smoke\renders\original_B\suite-actividades-marked-hice-light-960x600.png,C:\Users\nosom\Desktop\nm_suite\reports\qa\mockup_parity_baseline\current_smoke\renders\modified\suite-actividades-marked-hice-light-960x600.png
suite-actividades-marked-hice-dark-960x600.png,suite:actividades-marked-hice@dark,actividades-marked-hice,dark,window,960x600,PASS,EOL_ONLY_DELTA,single_1x1,False,1,1,3.5e-05,10.0,2.8e-05,10.0,5.0,50.0,2.8e-05,1.9e-05,,C:\Users\nosom\Desktop\nm_suite\reports\qa\mockup_parity_baseline\current_smoke\renders\original_A\suite-actividades-marked-hice-dark-960x600.png,C:\Users\nosom\Desktop\nm_suite\reports\qa\mockup_parity_baseline\current_smoke\renders\original_B\suite-actividades-marked-hice-dark-960x600.png,C:\Users\nosom\Desktop\nm_suite\reports\qa\mockup_parity_baseline\current_smoke\renders\modified\suite-actividades-marked-hice-dark-960x600.png
suite-actividades-empty-light-960x600.png,suite:actividades-empty@light,actividades-empty,light,window,960x600,PASS,EOL_ONLY_DELTA,single_1x1,False,1,1,0.000927,45.0,0.000123,30.0,5.0,77.5,0.000111,1.7e-05,,C:\Users\nosom\Desktop\nm_suite\reports\qa\mockup_parity_baseline\current_smoke\renders\original_A\suite-actividades-empty-light-960x600.png,C:\Users\nosom\Desktop\nm_suite\reports\qa\mockup_parity_baseline\current_smoke\renders\original_B\suite-actividades-empty-light-960x600.png,C:\Users\nosom\Desktop\nm_suite\reports\qa\mockup_parity_baseline\current_smoke\renders\modified\suite-actividades-empty-light-960x600.png
suite-actividades-empty-dark-960x600.png,suite:actividades-empty@dark,actividades-empty,dark,window,960x600,PASS,EOL_ONLY_DELTA,single_1x1,False,1,1,0.0,0.0,0.000161,44.0,5.0,50.0,0.0,3.1e-05,,C:\Users\nosom\Desktop\nm_suite\reports\qa\mockup_parity_baseline\current_smoke\renders\original_A\suite-actividades-empty-dark-960x600.png,C:\Users\nosom\Desktop\nm_suite\reports\qa\mockup_parity_baseline\current_smoke\renders\original_B\suite-actividades-empty-dark-960x600.png,C:\Users\nosom\Desktop\nm_suite\reports\qa\mockup_parity_baseline\current_smoke\renders\modified\suite-actividades-empty-dark-960x600.png
suite-registro-light-960x600.png,suite:registro@light,registro,light,window,960x600,PASS,EOL_ONLY_DELTA,single_1x1,False,1,1,0.0,0.0,1e-06,1.0,5.0,50.0,0.0,2e-06,,C:\Users\nosom\Desktop\nm_suite\reports\qa\mockup_parity_baseline\current_smoke\renders\original_A\suite-registro-light-960x600.png,C:\Users\nosom\Desktop\nm_suite\reports\qa\mockup_parity_baseline\current_smoke\renders\original_B\suite-registro-light-960x600.png,C:\Users\nosom\Desktop\nm_suite\reports\qa\mockup_parity_baseline\current_smoke\renders\modified\suite-registro-light-960x600.png
suite-registro-dark-960x600.png,suite:registro@dark,registro,dark,window,960x600,PASS,EOL_ONLY_DELTA,single_1x1,False,1,1,0.0,0.0,0.000104,18.0,5.0,50.0,0.0,3.3e-05,,C:\Users\nosom\Desktop\nm_suite\reports\qa\mockup_parity_baseline\current_smoke\renders\original_A\suite-registro-dark-960x600.png,C:\Users\nosom\Desktop\nm_suite\reports\qa\mockup_parity_baseline\current_smoke\renders\original_B\suite-registro-dark-960x600.png,C:\Users\nosom\Desktop\nm_suite\reports\qa\mockup_parity_baseline\current_smoke\renders\modified\suite-registro-dark-960x600.png
suite-registro-step1-emotion-light-960x600.png,suite:registro-step1-emotion@light,registro-step1-emotion,light,window,960x600,PASS,EOL_ONLY_DELTA,single_1x1,False,1,1,4e-06,2.0,7.9e-05,15.0,5.0,50.0,5e-06,2.4e-05,,C:\Users\nosom\Desktop\nm_suite\reports\qa\mockup_parity_baseline\current_smoke\renders\original_A\suite-registro-step1-emotion-light-960x600.png,C:\Users\nosom\Desktop\nm_suite\reports\qa\mockup_parity_baseline\current_smoke\renders\original_B\suite-registro-step1-emotion-light-960x600.png,C:\Users\nosom\Desktop\nm_suite\reports\qa\mockup_parity_baseline\current_smoke\renders\modified\suite-registro-step1-emotion-light-960x600.png
suite-registro-step1-emotion-dark-960x600.png,suite:registro-step1-emotion@dark,registro-step1-emotion,dark,window,960x600,PASS,EOL_ONLY_DELTA,single_1x1,False,1,1,9.5e-05,18.0,1.1e-05,1.0,5.0,50.0,2.8e-05,1.7e-05,,C:\Users\nosom\Desktop\nm_suite\reports\qa\mockup_parity_baseline\current_smoke\renders\original_A\suite-registro-step1-emotion-dark-960x600.png,C:\Users\nosom\Desktop\nm_suite\reports\qa\mockup_parity_baseline\current_smoke\renders\original_B\suite-registro-step1-emotion-dark-960x600.png,C:\Users\nosom\Desktop\nm_suite\reports\qa\mockup_parity_baseline\current_smoke\renders\modified\suite-registro-step1-emotion-dark-960x600.png
suite-registro-step1-emotion-otro-light-960x600.png,suite:registro-step1-emotion-otro@light,registro-step1-emotion-otro,light,window,960x600,PASS,EOL_ONLY_DELTA,single_1x1,False,1,1,1.2e-05,3.0,0.0,0.0,5.0,50.0,1.2e-05,0.0,,C:\Users\nosom\Desktop\nm_suite\reports\qa\mockup_parity_baseline\current_smoke\renders\original_A\suite-registro-step1-emotion-otro-light-960x600.png,C:\Users\nosom\Desktop\nm_suite\reports\qa\mockup_parity_baseline\current_smoke\renders\original_B\suite-registro-step1-emotion-otro-light-960x600.png,C:\Users\nosom\Desktop\nm_suite\reports\qa\mockup_parity_baseline\current_smoke\renders\modified\suite-registro-step1-emotion-otro-light-960x600.png
suite-registro-step1-emotion-otro-dark-960x600.png,suite:registro-step1-emotion-otro@dark,registro-step1-emotion-otro,dark,window,960x600,PASS,EOL_ONLY_DELTA,single_1x1,False,1,1,9.7e-05,18.0,0.0,0.0,5.0,50.0,2.8e-05,0.0,,C:\Users\nosom\Desktop\nm_suite\reports\qa\mockup_parity_baseline\current_smoke\renders\original_A\suite-registro-step1-emotion-otro-dark-960x600.png,C:\Users\nosom\Desktop\nm_suite\reports\qa\mockup_parity_baseline\current_smoke\renders\original_B\suite-registro-step1-emotion-otro-dark-960x600.png,C:\Users\nosom\Desktop\nm_suite\reports\qa\mockup_parity_baseline\current_smoke\renders\modified\suite-registro-step1-emotion-otro-dark-960x600.png
suite-registro-step2-distortions-light-960x600.png,suite:registro-step2-distortions@light,registro-step2-distortions,light,window,960x600,PASS,EOL_ONLY_DELTA,single_1x1,False,1,1,8.9e-05,14.0,0.0,0.0,5.0,50.0,3.5e-05,0.0,,C:\Users\nosom\Desktop\nm_suite\reports\qa\mockup_parity_baseline\current_smoke\renders\original_A\suite-registro-step2-distortions-light-960x600.png,C:\Users\nosom\Desktop\nm_suite\reports\qa\mockup_parity_baseline\current_smoke\renders\original_B\suite-registro-step2-distortions-light-960x600.png,C:\Users\nosom\Desktop\nm_suite\reports\qa\mockup_parity_baseline\current_smoke\renders\modified\suite-registro-step2-distortions-light-960x600.png
suite-registro-step2-distortions-dark-960x600.png,suite:registro-step2-distortions@dark,registro-step2-distortions,dark,window,960x600,PASS,EOL_ONLY_DELTA,single_1x1,False,1,1,0.000117,18.0,0.000104,18.0,5.0,50.0,4.3e-05,3.3e-05,,C:\Users\nosom\Desktop\nm_suite\reports\qa\mockup_parity_baseline\current_smoke\renders\original_A\suite-registro-step2-distortions-dark-960x600.png,C:\Users\nosom\Desktop\nm_suite\reports\qa\mockup_parity_baseline\current_smoke\renders\original_B\suite-registro-step2-distortions-dark-960x600.png,C:\Users\nosom\Desktop\nm_suite\reports\qa\mockup_parity_baseline\current_smoke\renders\modified\suite-registro-step2-distortions-dark-960x600.png
suite-registro-step3-filled-light-960x600.png,suite:registro-step3-filled@light,registro-step3-filled,light,window,960x600,PASS,EOL_ONLY_DELTA,single_1x1,False,1,1,8.3e-05,15.0,8.9e-05,14.0,5.0,50.0,2.8e-05,3.5e-05,,C:\Users\nosom\Desktop\nm_suite\reports\qa\mockup_parity_baseline\current_smoke\renders\original_A\suite-registro-step3-filled-light-960x600.png,C:\Users\nosom\Desktop\nm_suite\reports\qa\mockup_parity_baseline\current_smoke\renders\original_B\suite-registro-step3-filled-light-960x600.png,C:\Users\nosom\Desktop\nm_suite\reports\qa\mockup_parity_baseline\current_smoke\renders\modified\suite-registro-step3-filled-light-960x600.png
suite-registro-step3-filled-dark-960x600.png,suite:registro-step3-filled@dark,registro-step3-filled,dark,window,960x600,PASS,EOL_ONLY_DELTA,single_1x1,False,1,1,0.0,0.0,9e-06,1.0,5.0,50.0,0.0,1.4e-05,,C:\Users\nosom\Desktop\nm_suite\reports\qa\mockup_parity_baseline\current_smoke\renders\original_A\suite-registro-step3-filled-dark-960x600.png,C:\Users\nosom\Desktop\nm_suite\reports\qa\mockup_parity_baseline\current_smoke\renders\original_B\suite-registro-step3-filled-dark-960x600.png,C:\Users\nosom\Desktop\nm_suite\reports\qa\mockup_parity_baseline\current_smoke\renders\modified\suite-registro-step3-filled-dark-960x600.png
suite-registro-success-light-960x600.png,suite:registro-success@light,registro-success,light,window,960x600,PASS,EOL_ONLY_DELTA,single_1x1,False,1,1,8.1e-05,14.0,7e-06,3.0,5.0,50.0,2.6e-05,3e-06,,C:\Users\nosom\Desktop\nm_suite\reports\qa\mockup_parity_baseline\current_smoke\renders\original_A\suite-registro-success-light-960x600.png,C:\Users\nosom\Desktop\nm_suite\reports\qa\mockup_parity_baseline\current_smoke\renders\original_B\suite-registro-success-light-960x600.png,C:\Users\nosom\Desktop\nm_suite\reports\qa\mockup_parity_baseline\current_smoke\renders\modified\suite-registro-success-light-960x600.png
suite-registro-success-dark-960x600.png,suite:registro-success@dark,registro-success,dark,window,960x600,PASS,EOL_ONLY_DELTA,single_1x1,False,1,1,0.0,0.0,0.000104,18.0,5.0,50.0,0.0,3.3e-05,,C:\Users\nosom\Desktop\nm_suite\reports\qa\mockup_parity_baseline\current_smoke\renders\original_A\suite-registro-success-dark-960x600.png,C:\Users\nosom\Desktop\nm_suite\reports\qa\mockup_parity_baseline\current_smoke\renders\original_B\suite-registro-success-dark-960x600.png,C:\Users\nosom\Desktop\nm_suite\reports\qa\mockup_parity_baseline\current_smoke\renders\modified\suite-registro-success-dark-960x600.png
suite-dbt-now-light-960x600.png,suite:dbt-now@light,dbt-now,light,window,960x600,PASS,EOL_ONLY_DELTA,single_1x1,False,1,1,3.1e-05,3.0,9e-06,2.0,5.0,50.0,3.3e-05,1.6e-05,,C:\Users\nosom\Desktop\nm_suite\reports\qa\mockup_parity_baseline\current_smoke\renders\original_A\suite-dbt-now-light-960x600.png,C:\Users\nosom\Desktop\nm_suite\reports\qa\mockup_parity_baseline\current_smoke\renders\original_B\suite-dbt-now-light-960x600.png,C:\Users\nosom\Desktop\nm_suite\reports\qa\mockup_parity_baseline\current_smoke\renders\modified\suite-dbt-now-light-960x600.png
suite-dbt-now-dark-960x600.png,suite:dbt-now@dark,dbt-now,dark,window,960x600,PASS,EOL_ONLY_DELTA,single_1x1,False,1,1,3.2e-05,4.0,3.4e-05,4.0,5.0,50.0,3.3e-05,3.5e-05,,C:\Users\nosom\Desktop\nm_suite\reports\qa\mockup_parity_baseline\current_smoke\renders\original_A\suite-dbt-now-dark-960x600.png,C:\Users\nosom\Desktop\nm_suite\reports\qa\mockup_parity_baseline\current_smoke\renders\original_B\suite-dbt-now-dark-960x600.png,C:\Users\nosom\Desktop\nm_suite\reports\qa\mockup_parity_baseline\current_smoke\renders\modified\suite-dbt-now-dark-960x600.png
suite-dbt-library-light-960x600.png,suite:dbt-library@light,dbt-library,light,window,960x600,PASS,EOL_ONLY_DELTA,single_1x1,False,1,1,0.001361,55.0,0.003049,55.0,5.0,92.5,0.000755,0.000611,,C:\Users\nosom\Desktop\nm_suite\reports\qa\mockup_parity_baseline\current_smoke\renders\original_A\suite-dbt-library-light-960x600.png,C:\Users\nosom\Desktop\nm_suite\reports\qa\mockup_parity_baseline\current_smoke\renders\original_B\suite-dbt-library-light-960x600.png,C:\Users\nosom\Desktop\nm_suite\reports\qa\mockup_parity_baseline\current_smoke\renders\modified\suite-dbt-library-light-960x600.png
suite-dbt-library-dark-960x600.png,suite:dbt-library@dark,dbt-library,dark,window,960x600,PASS,EOL_ONLY_DELTA,single_1x1,False,1,1,0.000906,50.0,0.001468,50.0,5.0,85.0,0.000406,0.000464,,C:\Users\nosom\Desktop\nm_suite\reports\qa\mockup_parity_baseline\current_smoke\renders\original_A\suite-dbt-library-dark-960x600.png,C:\Users\nosom\Desktop\nm_suite\reports\qa\mockup_parity_baseline\current_smoke\renders\original_B\suite-dbt-library-dark-960x600.png,C:\Users\nosom\Desktop\nm_suite\reports\qa\mockup_parity_baseline\current_smoke\renders\modified\suite-dbt-library-dark-960x600.png
suite-dbt-practice-stop-light-960x600.png,suite:dbt-practice-stop@light,dbt-practice-stop,light,window_modal,960x600,FAIL,EOL_ONLY_DELTA,single_1x1,False,1,1,0.168282,22.0,2.71205,204.0,5.0,50.0,0.089342,0.180773,dynamic_baseline_exceeded,C:\Users\nosom\Desktop\nm_suite\reports\qa\mockup_parity_baseline\current_smoke\renders\original_A\suite-dbt-practice-stop-light-960x600.png,C:\Users\nosom\Desktop\nm_suite\reports\qa\mockup_parity_baseline\current_smoke\renders\original_B\suite-dbt-practice-stop-light-960x600.png,C:\Users\nosom\Desktop\nm_suite\reports\qa\mockup_parity_baseline\current_smoke\renders\modified\suite-dbt-practice-stop-light-960x600.png
suite-dbt-practice-stop-dark-960x600.png,suite:dbt-practice-stop@dark,dbt-practice-stop,dark,window_modal,960x600,PASS,EOL_ONLY_DELTA,single_1x1,False,1,1,0.171339,23.0,0.00704,9.0,5.0,50.0,0.137328,0.004392,,C:\Users\nosom\Desktop\nm_suite\reports\qa\mockup_parity_baseline\current_smoke\renders\original_A\suite-dbt-practice-stop-dark-960x600.png,C:\Users\nosom\Desktop\nm_suite\reports\qa\mockup_parity_baseline\current_smoke\renders\original_B\suite-dbt-practice-stop-dark-960x600.png,C:\Users\nosom\Desktop\nm_suite\reports\qa\mockup_parity_baseline\current_smoke\renders\modified\suite-dbt-practice-stop-dark-960x600.png
suite-onboarding-light-520x600.png,suite:onboarding@light,onboarding,light,narrow,520x600,PASS,EOL_ONLY_DELTA,single_1x1,False,1,1,0.000146,13.0,0.000146,13.0,5.0,50.0,5.1e-05,5.1e-05,,C:\Users\nosom\Desktop\nm_suite\reports\qa\mockup_parity_baseline\current_smoke\renders\original_A\suite-onboarding-light-520x600.png,C:\Users\nosom\Desktop\nm_suite\reports\qa\mockup_parity_baseline\current_smoke\renders\original_B\suite-onboarding-light-520x600.png,C:\Users\nosom\Desktop\nm_suite\reports\qa\mockup_parity_baseline\current_smoke\renders\modified\suite-onboarding-light-520x600.png
suite-onboarding-dark-520x600.png,suite:onboarding@dark,onboarding,dark,narrow,520x600,PASS,EOL_ONLY_DELTA,single_1x1,False,1,1,1.7e-05,4.0,3.8e-05,2.0,5.0,50.0,2.2e-05,5.8e-05,,C:\Users\nosom\Desktop\nm_suite\reports\qa\mockup_parity_baseline\current_smoke\renders\original_A\suite-onboarding-dark-520x600.png,C:\Users\nosom\Desktop\nm_suite\reports\qa\mockup_parity_baseline\current_smoke\renders\original_B\suite-onboarding-dark-520x600.png,C:\Users\nosom\Desktop\nm_suite\reports\qa\mockup_parity_baseline\current_smoke\renders\modified\suite-onboarding-dark-520x600.png
suite-onboarding-error-light-520x600.png,suite:onboarding-error@light,onboarding-error,light,narrow,520x600,PASS,EOL_ONLY_DELTA,single_1x1,False,1,1,5e-06,1.0,5e-06,1.0,5.0,50.0,1e-05,1e-05,,C:\Users\nosom\Desktop\nm_suite\reports\qa\mockup_parity_baseline\current_smoke\renders\original_A\suite-onboarding-error-light-520x600.png,C:\Users\nosom\Desktop\nm_suite\reports\qa\mockup_parity_baseline\current_smoke\renders\original_B\suite-onboarding-error-light-520x600.png,C:\Users\nosom\Desktop\nm_suite\reports\qa\mockup_parity_baseline\current_smoke\renders\modified\suite-onboarding-error-light-520x600.png
suite-onboarding-error-dark-520x600.png,suite:onboarding-error@dark,onboarding-error,dark,narrow,520x600,PASS,EOL_ONLY_DELTA,single_1x1,False,1,1,3.7e-05,2.0,5.6e-05,2.0,5.0,50.0,5.4e-05,8.3e-05,,C:\Users\nosom\Desktop\nm_suite\reports\qa\mockup_parity_baseline\current_smoke\renders\original_A\suite-onboarding-error-dark-520x600.png,C:\Users\nosom\Desktop\nm_suite\reports\qa\mockup_parity_baseline\current_smoke\renders\original_B\suite-onboarding-error-dark-520x600.png,C:\Users\nosom\Desktop\nm_suite\reports\qa\mockup_parity_baseline\current_smoke\renders\modified\suite-onboarding-error-dark-520x600.png
suite-recuperar-acceso-light-520x600.png,suite:recuperar-acceso@light,recuperar-acceso,light,narrow,520x600,PASS,EOL_ONLY_DELTA,single_1x1,False,1,1,1.8e-05,2.0,0.0,0.0,5.0,50.0,2.2e-05,0.0,,C:\Users\nosom\Desktop\nm_suite\reports\qa\mockup_parity_baseline\current_smoke\renders\original_A\suite-recuperar-acceso-light-520x600.png,C:\Users\nosom\Desktop\nm_suite\reports\qa\mockup_parity_baseline\current_smoke\renders\original_B\suite-recuperar-acceso-light-520x600.png,C:\Users\nosom\Desktop\nm_suite\reports\qa\mockup_parity_baseline\current_smoke\renders\modified\suite-recuperar-acceso-light-520x600.png
suite-recuperar-acceso-dark-520x600.png,suite:recuperar-acceso@dark,recuperar-acceso,dark,narrow,520x600,PASS,EOL_ONLY_DELTA,single_1x1,False,1,1,3.8e-05,2.0,1.8e-05,4.0,5.0,50.0,5.8e-05,2.6e-05,,C:\Users\nosom\Desktop\nm_suite\reports\qa\mockup_parity_baseline\current_smoke\renders\original_A\suite-recuperar-acceso-dark-520x600.png,C:\Users\nosom\Desktop\nm_suite\reports\qa\mockup_parity_baseline\current_smoke\renders\original_B\suite-recuperar-acceso-dark-520x600.png,C:\Users\nosom\Desktop\nm_suite\reports\qa\mockup_parity_baseline\current_smoke\renders\modified\suite-recuperar-acceso-dark-520x600.png
