file,key,view,theme,surface,resolution,modified_file_name,modified_resolution,status,delta_class,expected_delta_allowed,expected_delta_reason,allowlist_old_resolution,allowlist_new_resolution,baseline_mode,escalated,baseline_pair_count,mod_pair_count,text_eol_only_delta,text_normalized_delta,baseline_mean,baseline_max,mod_mean,mod_max,mean_limit,max_limit,baseline_changed_pixel_ratio,mod_changed_pixel_ratio,failure_reason,original_a_file,original_b_file,modified_file
hub-pacientes-light-960x600.png,hub:pacientes@light,pacientes,light,window,960x600,hub-pacientes-light-960x600.png,960x600,PASS,NO_DELTA,False,,,,single_1x1,False,1,1,False,True,0.0,0.0,0.0,0.0,5.0,50.0,0.0,0.0,,C:\Users\nosom\Desktop\nm_suite\reports\qa\mockup_parity_baseline\20260630_210914\renders\original_A\hub-pacientes-light-960x600.png,C:\Users\nosom\Desktop\nm_suite\reports\qa\mockup_parity_baseline\20260630_210914\renders\original_B\hub-pacientes-light-960x600.png,C:\Users\nosom\Desktop\nm_suite\reports\qa\mockup_parity_baseline\20260630_210914\renders\modified\hub-pacientes-light-960x600.png
hub-pacientes-dark-960x600.png,hub:pacientes@dark,pacientes,dark,window,960x600,hub-pacientes-dark-960x600.png,960x600,PASS,NO_DELTA,False,,,,single_1x1,False,1,1,False,True,0.000516,28.0,0.00027,28.0,5.0,52.0,0.000311,0.000127,,C:\Users\nosom\Desktop\nm_suite\reports\qa\mockup_parity_baseline\20260630_210914\renders\original_A\hub-pacientes-dark-960x600.png,C:\Users\nosom\Desktop\nm_suite\reports\qa\mockup_parity_baseline\20260630_210914\renders\original_B\hub-pacientes-dark-960x600.png,C:\Users\nosom\Desktop\nm_suite\reports\qa\mockup_parity_baseline\20260630_210914\renders\modified\hub-pacientes-dark-960x600.png
hub-pacientes-empty-light-960x600.png,hub:pacientes-empty@light,pacientes-empty,light,window,960x600,hub-pacientes-empty-light-960x600.png,960x600,PASS,UNEXPECTED_DELTA,False,,,,single_1x1,False,1,1,False,True,7.9e-05,13.0,0.000156,13.0,5.0,50.0,2.8e-05,9.4e-05,,C:\Users\nosom\Desktop\nm_suite\reports\qa\mockup_parity_baseline\20260630_210914\renders\original_A\hub-pacientes-empty-light-960x600.png,C:\Users\nosom\Desktop\nm_suite\reports\qa\mockup_parity_baseline\20260630_210914\renders\original_B\hub-pacientes-empty-light-960x600.png,C:\Users\nosom\Desktop\nm_suite\reports\qa\mockup_parity_baseline\20260630_210914\renders\modified\hub-pacientes-empty-light-960x600.png
hub-pacientes-empty-dark-960x600.png,hub:pacientes-empty@dark,pacientes-empty,dark,window,960x600,hub-pacientes-empty-dark-960x600.png,960x600,PASS,NO_DELTA,False,,,,single_1x1,False,1,1,False,True,0.001723,40.0,6.1e-05,4.0,5.0,70.0,0.000184,7.5e-05,,C:\Users\nosom\Desktop\nm_suite\reports\qa\mockup_parity_baseline\20260630_210914\renders\original_A\hub-pacientes-empty-dark-960x600.png,C:\Users\nosom\Desktop\nm_suite\reports\qa\mockup_parity_baseline\20260630_210914\renders\original_B\hub-pacientes-empty-dark-960x600.png,C:\Users\nosom\Desktop\nm_suite\reports\qa\mockup_parity_baseline\20260630_210914\renders\modified\hub-pacientes-empty-dark-960x600.png
hub-detalle-light-960x600.png,hub:detalle@light,detalle,light,window,960x600,hub-detalle-light-960x600.png,960x600,PASS,NO_DELTA,False,,,,single_1x1,False,1,1,False,True,0.0,0.0,0.0,0.0,5.0,50.0,0.0,0.0,,C:\Users\nosom\Desktop\nm_suite\reports\qa\mockup_parity_baseline\20260630_210914\renders\original_A\hub-detalle-light-960x600.png,C:\Users\nosom\Desktop\nm_suite\reports\qa\mockup_parity_baseline\20260630_210914\renders\original_B\hub-detalle-light-960x600.png,C:\Users\nosom\Desktop\nm_suite\reports\qa\mockup_parity_baseline\20260630_210914\renders\modified\hub-detalle-light-960x600.png
hub-detalle-dark-960x600.png,hub:detalle@dark,detalle,dark,window,960x600,hub-detalle-dark-960x600.png,960x600,PASS,NO_DELTA,False,,,,single_1x1,False,1,1,False,True,0.0,0.0,0.0,0.0,5.0,50.0,0.0,0.0,,C:\Users\nosom\Desktop\nm_suite\reports\qa\mockup_parity_baseline\20260630_210914\renders\original_A\hub-detalle-dark-960x600.png,C:\Users\nosom\Desktop\nm_suite\reports\qa\mockup_parity_baseline\20260630_210914\renders\original_B\hub-detalle-dark-960x600.png,C:\Users\nosom\Desktop\nm_suite\reports\qa\mockup_parity_baseline\20260630_210914\renders\modified\hub-detalle-dark-960x600.png
hub-detalle-plan-timer-light-960x600.png,hub:detalle-plan-timer@light,detalle-plan-timer,light,window,960x600,hub-detalle-plan-timer-light-960x600.png,960x600,PASS,NO_DELTA,False,,,,single_1x1,False,1,1,False,True,0.0,0.0,0.0,0.0,5.0,50.0,0.0,0.0,,C:\Users\nosom\Desktop\nm_suite\reports\qa\mockup_parity_baseline\20260630_210914\renders\original_A\hub-detalle-plan-timer-light-960x600.png,C:\Users\nosom\Desktop\nm_suite\reports\qa\mockup_parity_baseline\20260630_210914\renders\original_B\hub-detalle-plan-timer-light-960x600.png,C:\Users\nosom\Desktop\nm_suite\reports\qa\mockup_parity_baseline\20260630_210914\renders\modified\hub-detalle-plan-timer-light-960x600.png
hub-detalle-plan-timer-dark-960x600.png,hub:detalle-plan-timer@dark,detalle-plan-timer,dark,window,960x600,hub-detalle-plan-timer-dark-960x600.png,960x600,PASS,NO_DELTA,False,,,,single_1x1,False,1,1,False,True,0.0,0.0,0.0,0.0,5.0,50.0,0.0,0.0,,C:\Users\nosom\Desktop\nm_suite\reports\qa\mockup_parity_baseline\20260630_210914\renders\original_A\hub-detalle-plan-timer-dark-960x600.png,C:\Users\nosom\Desktop\nm_suite\reports\qa\mockup_parity_baseline\20260630_210914\renders\original_B\hub-detalle-plan-timer-dark-960x600.png,C:\Users\nosom\Desktop\nm_suite\reports\qa\mockup_parity_baseline\20260630_210914\renders\modified\hub-detalle-plan-timer-dark-960x600.png
hub-detalle-plan-rutina-light-960x600.png,hub:detalle-plan-rutina@light,detalle-plan-rutina,light,window,960x600,hub-detalle-plan-rutina-light-960x600.png,960x600,PASS,NO_DELTA,False,,,,single_1x1,False,1,1,False,True,0.0,0.0,0.0,0.0,5.0,50.0,0.0,0.0,,C:\Users\nosom\Desktop\nm_suite\reports\qa\mockup_parity_baseline\20260630_210914\renders\original_A\hub-detalle-plan-rutina-light-960x600.png,C:\Users\nosom\Desktop\nm_suite\reports\qa\mockup_parity_baseline\20260630_210914\renders\original_B\hub-detalle-plan-rutina-light-960x600.png,C:\Users\nosom\Desktop\nm_suite\reports\qa\mockup_parity_baseline\20260630_210914\renders\modified\hub-detalle-plan-rutina-light-960x600.png
hub-detalle-plan-rutina-dark-960x600.png,hub:detalle-plan-rutina@dark,detalle-plan-rutina,dark,window,960x600,hub-detalle-plan-rutina-dark-960x600.png,960x600,PASS,NO_DELTA,False,,,,single_1x1,False,1,1,False,True,0.0,0.0,0.0,0.0,5.0,50.0,0.0,0.0,,C:\Users\nosom\Desktop\nm_suite\reports\qa\mockup_parity_baseline\20260630_210914\renders\original_A\hub-detalle-plan-rutina-dark-960x600.png,C:\Users\nosom\Desktop\nm_suite\reports\qa\mockup_parity_baseline\20260630_210914\renders\original_B\hub-detalle-plan-rutina-dark-960x600.png,C:\Users\nosom\Desktop\nm_suite\reports\qa\mockup_parity_baseline\20260630_210914\renders\modified\hub-detalle-plan-rutina-dark-960x600.png
hub-detalle-plan-activacion-light-960x600.png,hub:detalle-plan-activacion@light,detalle-plan-activacion,light,window,960x600,hub-detalle-plan-activacion-light-960x600.png,960x600,PASS,NO_DELTA,False,,,,single_1x1,False,1,1,False,True,0.0,0.0,0.0,0.0,5.0,50.0,0.0,0.0,,C:\Users\nosom\Desktop\nm_suite\reports\qa\mockup_parity_baseline\20260630_210914\renders\original_A\hub-detalle-plan-activacion-light-960x600.png,C:\Users\nosom\Desktop\nm_suite\reports\qa\mockup_parity_baseline\20260630_210914\renders\original_B\hub-detalle-plan-activacion-light-960x600.png,C:\Users\nosom\Desktop\nm_suite\reports\qa\mockup_parity_baseline\20260630_210914\renders\modified\hub-detalle-plan-activacion-light-960x600.png
hub-detalle-plan-activacion-dark-960x600.png,hub:detalle-plan-activacion@dark,detalle-plan-activacion,dark,window,960x600,hub-detalle-plan-activacion-dark-960x600.png,960x600,PASS,NO_DELTA,False,,,,single_1x1,False,1,1,False,True,0.0,0.0,0.0,0.0,5.0,50.0,0.0,0.0,,C:\Users\nosom\Desktop\nm_suite\reports\qa\mockup_parity_baseline\20260630_210914\renders\original_A\hub-detalle-plan-activacion-dark-960x600.png,C:\Users\nosom\Desktop\nm_suite\reports\qa\mockup_parity_baseline\20260630_210914\renders\original_B\hub-detalle-plan-activacion-dark-960x600.png,C:\Users\nosom\Desktop\nm_suite\reports\qa\mockup_parity_baseline\20260630_210914\renders\modified\hub-detalle-plan-activacion-dark-960x600.png
hub-detalle-resumen-ia-0-light-560x220.png,hub:detalle-resumen-ia-0@light,detalle-resumen-ia-0,light,modal,560x220,hub-detalle-resumen-ia-0-light-720x462.png,720x462,PASS,EXPECTED_DELTA,True,canonical AI summary modal redesign,560x220,720x462,single_1x1,False,1,1,False,True,,,,,,,,,,C:\Users\nosom\Desktop\nm_suite\reports\qa\mockup_parity_baseline\20260630_210914\renders\original_A\hub-detalle-resumen-ia-0-light-560x220.png,C:\Users\nosom\Desktop\nm_suite\reports\qa\mockup_parity_baseline\20260630_210914\renders\original_B\hub-detalle-resumen-ia-0-light-560x220.png,C:\Users\nosom\Desktop\nm_suite\reports\qa\mockup_parity_baseline\20260630_210914\renders\modified\hub-detalle-resumen-ia-0-light-720x462.png
hub-detalle-resumen-ia-0-dark-560x220.png,hub:detalle-resumen-ia-0@dark,detalle-resumen-ia-0,dark,modal,560x220,hub-detalle-resumen-ia-0-dark-720x462.png,720x462,PASS,EXPECTED_DELTA,True,canonical AI summary modal redesign,560x220,720x462,single_1x1,False,1,1,False,True,,,,,,,,,,C:\Users\nosom\Desktop\nm_suite\reports\qa\mockup_parity_baseline\20260630_210914\renders\original_A\hub-detalle-resumen-ia-0-dark-560x220.png,C:\Users\nosom\Desktop\nm_suite\reports\qa\mockup_parity_baseline\20260630_210914\renders\original_B\hub-detalle-resumen-ia-0-dark-560x220.png,C:\Users\nosom\Desktop\nm_suite\reports\qa\mockup_parity_baseline\20260630_210914\renders\modified\hub-detalle-resumen-ia-0-dark-720x462.png
hub-textos-globales-light-960x600.png,hub:textos-globales@light,textos-globales,light,window,960x600,hub-textos-globales-light-960x600.png,960x600,PASS,NO_DELTA,False,,,,single_1x1,False,1,1,False,True,0.0,0.0,0.0,0.0,5.0,50.0,0.0,0.0,,C:\Users\nosom\Desktop\nm_suite\reports\qa\mockup_parity_baseline\20260630_210914\renders\original_A\hub-textos-globales-light-960x600.png,C:\Users\nosom\Desktop\nm_suite\reports\qa\mockup_parity_baseline\20260630_210914\renders\original_B\hub-textos-globales-light-960x600.png,C:\Users\nosom\Desktop\nm_suite\reports\qa\mockup_parity_baseline\20260630_210914\renders\modified\hub-textos-globales-light-960x600.png
hub-textos-globales-dark-960x600.png,hub:textos-globales@dark,textos-globales,dark,window,960x600,hub-textos-globales-dark-960x600.png,960x600,PASS,NO_DELTA,False,,,,single_1x1,False,1,1,False,True,0.0,0.0,0.0,0.0,5.0,50.0,0.0,0.0,,C:\Users\nosom\Desktop\nm_suite\reports\qa\mockup_parity_baseline\20260630_210914\renders\original_A\hub-textos-globales-dark-960x600.png,C:\Users\nosom\Desktop\nm_suite\reports\qa\mockup_parity_baseline\20260630_210914\renders\original_B\hub-textos-globales-dark-960x600.png,C:\Users\nosom\Desktop\nm_suite\reports\qa\mockup_parity_baseline\20260630_210914\renders\modified\hub-textos-globales-dark-960x600.png
suite-home-light-960x600.png,suite:home@light,home,light,window,960x600,suite-home-light-960x600.png,960x600,PASS,UNEXPECTED_DELTA,False,,,,single_1x1,False,1,1,False,True,0.000117,3.0,0.003425,19.0,5.0,50.0,0.000191,0.001248,,C:\Users\nosom\Desktop\nm_suite\reports\qa\mockup_parity_baseline\20260630_210914\renders\original_A\suite-home-light-960x600.png,C:\Users\nosom\Desktop\nm_suite\reports\qa\mockup_parity_baseline\20260630_210914\renders\original_B\suite-home-light-960x600.png,C:\Users\nosom\Desktop\nm_suite\reports\qa\mockup_parity_baseline\20260630_210914\renders\modified\suite-home-light-960x600.png
suite-home-dark-960x600.png,suite:home@dark,home,dark,window,960x600,suite-home-dark-960x600.png,960x600,PASS,UNEXPECTED_DELTA,False,,,,single_1x1,False,1,1,False,True,0.00056,41.0,0.00314,17.0,5.0,71.5,0.000793,0.001165,,C:\Users\nosom\Desktop\nm_suite\reports\qa\mockup_parity_baseline\20260630_210914\renders\original_A\suite-home-dark-960x600.png,C:\Users\nosom\Desktop\nm_suite\reports\qa\mockup_parity_baseline\20260630_210914\renders\original_B\suite-home-dark-960x600.png,C:\Users\nosom\Desktop\nm_suite\reports\qa\mockup_parity_baseline\20260630_210914\renders\modified\suite-home-dark-960x600.png
suite-home-no-score-light-960x600.png,suite:home-no-score@light,home-no-score,light,window,960x600,suite-home-no-score-light-960x600.png,960x600,PASS,UNEXPECTED_DELTA,False,,,,single_1x1,False,1,1,False,True,9e-05,4.0,0.00019,19.0,5.0,50.0,9.7e-05,9.5e-05,,C:\Users\nosom\Desktop\nm_suite\reports\qa\mockup_parity_baseline\20260630_210914\renders\original_A\suite-home-no-score-light-960x600.png,C:\Users\nosom\Desktop\nm_suite\reports\qa\mockup_parity_baseline\20260630_210914\renders\original_B\suite-home-no-score-light-960x600.png,C:\Users\nosom\Desktop\nm_suite\reports\qa\mockup_parity_baseline\20260630_210914\renders\modified\suite-home-no-score-light-960x600.png
suite-home-no-score-dark-960x600.png,suite:home-no-score@dark,home-no-score,dark,window,960x600,suite-home-no-score-dark-960x600.png,960x600,PASS,UNEXPECTED_DELTA,False,,,,single_1x1,False,1,1,False,True,6.5e-05,3.0,0.000172,17.0,5.0,50.0,8.2e-05,0.000106,,C:\Users\nosom\Desktop\nm_suite\reports\qa\mockup_parity_baseline\20260630_210914\renders\original_A\suite-home-no-score-dark-960x600.png,C:\Users\nosom\Desktop\nm_suite\reports\qa\mockup_parity_baseline\20260630_210914\renders\original_B\suite-home-no-score-dark-960x600.png,C:\Users\nosom\Desktop\nm_suite\reports\qa\mockup_parity_baseline\20260630_210914\renders\modified\suite-home-no-score-dark-960x600.png
suite-animo-light-960x600.png,suite:animo@light,animo,light,window,960x600,suite-animo-light-960x600.png,960x600,PASS,NO_DELTA,False,,,,single_1x1,False,1,1,False,True,0.00024,1.0,0.00024,1.0,5.0,50.0,0.000307,0.000307,,C:\Users\nosom\Desktop\nm_suite\reports\qa\mockup_parity_baseline\20260630_210914\renders\original_A\suite-animo-light-960x600.png,C:\Users\nosom\Desktop\nm_suite\reports\qa\mockup_parity_baseline\20260630_210914\renders\original_B\suite-animo-light-960x600.png,C:\Users\nosom\Desktop\nm_suite\reports\qa\mockup_parity_baseline\20260630_210914\renders\modified\suite-animo-light-960x600.png
suite-animo-dark-960x600.png,suite:animo@dark,animo,dark,window,960x600,suite-animo-dark-960x600.png,960x600,PASS,UNEXPECTED_DELTA,False,,,,single_1x1,False,1,1,False,True,4e-06,1.0,9e-06,1.0,5.0,50.0,5e-06,1.2e-05,,C:\Users\nosom\Desktop\nm_suite\reports\qa\mockup_parity_baseline\20260630_210914\renders\original_A\suite-animo-dark-960x600.png,C:\Users\nosom\Desktop\nm_suite\reports\qa\mockup_parity_baseline\20260630_210914\renders\original_B\suite-animo-dark-960x600.png,C:\Users\nosom\Desktop\nm_suite\reports\qa\mockup_parity_baseline\20260630_210914\renders\modified\suite-animo-dark-960x600.png
suite-respiracion-light-960x600.png,suite:respiracion@light,respiracion,light,window,960x600,suite-respiracion-light-960x600.png,960x600,PASS,UNEXPECTED_DELTA,False,,,,single_1x1,False,1,1,False,True,1e-06,1.0,1.9e-05,2.0,5.0,50.0,2e-06,3.6e-05,,C:\Users\nosom\Desktop\nm_suite\reports\qa\mockup_parity_baseline\20260630_210914\renders\original_A\suite-respiracion-light-960x600.png,C:\Users\nosom\Desktop\nm_suite\reports\qa\mockup_parity_baseline\20260630_210914\renders\original_B\suite-respiracion-light-960x600.png,C:\Users\nosom\Desktop\nm_suite\reports\qa\mockup_parity_baseline\20260630_210914\renders\modified\suite-respiracion-light-960x600.png
suite-respiracion-dark-960x600.png,suite:respiracion@dark,respiracion,dark,window,960x600,suite-respiracion-dark-960x600.png,960x600,PASS,UNEXPECTED_DELTA,False,,,,single_1x1,False,1,1,False,True,9.6e-05,3.0,0.000101,2.0,5.0,50.0,0.000156,0.000174,,C:\Users\nosom\Desktop\nm_suite\reports\qa\mockup_parity_baseline\20260630_210914\renders\original_A\suite-respiracion-dark-960x600.png,C:\Users\nosom\Desktop\nm_suite\reports\qa\mockup_parity_baseline\20260630_210914\renders\original_B\suite-respiracion-dark-960x600.png,C:\Users\nosom\Desktop\nm_suite\reports\qa\mockup_parity_baseline\20260630_210914\renders\modified\suite-respiracion-dark-960x600.png
suite-respiracion-running-light-960x600.png,suite:respiracion-running@light,respiracion-running,light,window,960x600,suite-respiracion-running-light-960x600.png,960x600,PASS,NO_DELTA,False,,,,single_1x1,False,1,1,False,True,7.2e-05,2.0,3.4e-05,2.0,5.0,50.0,0.000102,4.2e-05,,C:\Users\nosom\Desktop\nm_suite\reports\qa\mockup_parity_baseline\20260630_210914\renders\original_A\suite-respiracion-running-light-960x600.png,C:\Users\nosom\Desktop\nm_suite\reports\qa\mockup_parity_baseline\20260630_210914\renders\original_B\suite-respiracion-running-light-960x600.png,C:\Users\nosom\Desktop\nm_suite\reports\qa\mockup_parity_baseline\20260630_210914\renders\modified\suite-respiracion-running-light-960x600.png
suite-respiracion-running-dark-960x600.png,suite:respiracion-running@dark,respiracion-running,dark,window,960x600,suite-respiracion-running-dark-960x600.png,960x600,PASS,NO_DELTA,False,,,,single_1x1,False,1,1,False,True,0.000104,3.0,1.7e-05,1.0,5.0,50.0,0.00016,3.6e-05,,C:\Users\nosom\Desktop\nm_suite\reports\qa\mockup_parity_baseline\20260630_210914\renders\original_A\suite-respiracion-running-dark-960x600.png,C:\Users\nosom\Desktop\nm_suite\reports\qa\mockup_parity_baseline\20260630_210914\renders\original_B\suite-respiracion-running-dark-960x600.png,C:\Users\nosom\Desktop\nm_suite\reports\qa\mockup_parity_baseline\20260630_210914\renders\modified\suite-respiracion-running-dark-960x600.png
suite-respiracion-paused-light-960x600.png,suite:respiracion-paused@light,respiracion-paused,light,window,960x600,suite-respiracion-paused-light-960x600.png,960x600,PASS,NO_DELTA,False,,,,single_1x1,False,1,1,False,True,1e-06,1.0,0.0,0.0,5.0,50.0,2e-06,0.0,,C:\Users\nosom\Desktop\nm_suite\reports\qa\mockup_parity_baseline\20260630_210914\renders\original_A\suite-respiracion-paused-light-960x600.png,C:\Users\nosom\Desktop\nm_suite\reports\qa\mockup_parity_baseline\20260630_210914\renders\original_B\suite-respiracion-paused-light-960x600.png,C:\Users\nosom\Desktop\nm_suite\reports\qa\mockup_parity_baseline\20260630_210914\renders\modified\suite-respiracion-paused-light-960x600.png
suite-respiracion-paused-dark-960x600.png,suite:respiracion-paused@dark,respiracion-paused,dark,window,960x600,suite-respiracion-paused-dark-960x600.png,960x600,PASS,NO_DELTA,False,,,,single_1x1,False,1,1,False,True,3.5e-05,2.0,3.3e-05,2.0,5.0,50.0,6.9e-05,5.9e-05,,C:\Users\nosom\Desktop\nm_suite\reports\qa\mockup_parity_baseline\20260630_210914\renders\original_A\suite-respiracion-paused-dark-960x600.png,C:\Users\nosom\Desktop\nm_suite\reports\qa\mockup_parity_baseline\20260630_210914\renders\original_B\suite-respiracion-paused-dark-960x600.png,C:\Users\nosom\Desktop\nm_suite\reports\qa\mockup_parity_baseline\20260630_210914\renders\modified\suite-respiracion-paused-dark-960x600.png
suite-timer-light-960x600.png,suite:timer@light,timer,light,window,960x600,suite-timer-light-960x600.png,960x600,PASS,UNEXPECTED_DELTA,False,,,,single_1x1,False,1,1,False,True,1.9e-05,2.0,2.8e-05,3.0,5.0,50.0,2.3e-05,3.1e-05,,C:\Users\nosom\Desktop\nm_suite\reports\qa\mockup_parity_baseline\20260630_210914\renders\original_A\suite-timer-light-960x600.png,C:\Users\nosom\Desktop\nm_suite\reports\qa\mockup_parity_baseline\20260630_210914\renders\original_B\suite-timer-light-960x600.png,C:\Users\nosom\Desktop\nm_suite\reports\qa\mockup_parity_baseline\20260630_210914\renders\modified\suite-timer-light-960x600.png
suite-timer-dark-960x600.png,suite:timer@dark,timer,dark,window,960x600,suite-timer-dark-960x600.png,960x600,PASS,UNEXPECTED_DELTA,False,,,,single_1x1,False,1,1,False,True,0.0,0.0,1e-05,4.0,5.0,50.0,0.0,9e-06,,C:\Users\nosom\Desktop\nm_suite\reports\qa\mockup_parity_baseline\20260630_210914\renders\original_A\suite-timer-dark-960x600.png,C:\Users\nosom\Desktop\nm_suite\reports\qa\mockup_parity_baseline\20260630_210914\renders\original_B\suite-timer-dark-960x600.png,C:\Users\nosom\Desktop\nm_suite\reports\qa\mockup_parity_baseline\20260630_210914\renders\modified\suite-timer-dark-960x600.png
suite-timer-running-light-960x600.png,suite:timer-running@light,timer-running,light,window,960x600,suite-timer-running-light-960x600.png,960x600,PASS,NO_DELTA,False,,,,single_1x1,False,1,1,False,True,9e-06,3.0,9e-06,3.0,5.0,50.0,9e-06,9e-06,,C:\Users\nosom\Desktop\nm_suite\reports\qa\mockup_parity_baseline\20260630_210914\renders\original_A\suite-timer-running-light-960x600.png,C:\Users\nosom\Desktop\nm_suite\reports\qa\mockup_parity_baseline\20260630_210914\renders\original_B\suite-timer-running-light-960x600.png,C:\Users\nosom\Desktop\nm_suite\reports\qa\mockup_parity_baseline\20260630_210914\renders\modified\suite-timer-running-light-960x600.png
suite-timer-running-dark-960x600.png,suite:timer-running@dark,timer-running,dark,window,960x600,suite-timer-running-dark-960x600.png,960x600,PASS,NO_DELTA,False,,,,single_1x1,False,1,1,False,True,2.7e-05,4.0,0.0,0.0,5.0,50.0,2.8e-05,0.0,,C:\Users\nosom\Desktop\nm_suite\reports\qa\mockup_parity_baseline\20260630_210914\renders\original_A\suite-timer-running-dark-960x600.png,C:\Users\nosom\Desktop\nm_suite\reports\qa\mockup_parity_baseline\20260630_210914\renders\original_B\suite-timer-running-dark-960x600.png,C:\Users\nosom\Desktop\nm_suite\reports\qa\mockup_parity_baseline\20260630_210914\renders\modified\suite-timer-running-dark-960x600.png
suite-timer-paused-light-960x600.png,suite:timer-paused@light,timer-paused,light,window,960x600,suite-timer-paused-light-960x600.png,960x600,PASS,NO_DELTA,False,,,,single_1x1,False,1,1,False,True,0.0,0.0,0.0,0.0,5.0,50.0,0.0,0.0,,C:\Users\nosom\Desktop\nm_suite\reports\qa\mockup_parity_baseline\20260630_210914\renders\original_A\suite-timer-paused-light-960x600.png,C:\Users\nosom\Desktop\nm_suite\reports\qa\mockup_parity_baseline\20260630_210914\renders\original_B\suite-timer-paused-light-960x600.png,C:\Users\nosom\Desktop\nm_suite\reports\qa\mockup_parity_baseline\20260630_210914\renders\modified\suite-timer-paused-light-960x600.png
suite-timer-paused-dark-960x600.png,suite:timer-paused@dark,timer-paused,dark,window,960x600,suite-timer-paused-dark-960x600.png,960x600,PASS,UNEXPECTED_DELTA,False,,,,single_1x1,False,1,1,False,True,1e-05,4.0,2.5e-05,4.0,5.0,50.0,9e-06,2.6e-05,,C:\Users\nosom\Desktop\nm_suite\reports\qa\mockup_parity_baseline\20260630_210914\renders\original_A\suite-timer-paused-dark-960x600.png,C:\Users\nosom\Desktop\nm_suite\reports\qa\mockup_parity_baseline\20260630_210914\renders\original_B\suite-timer-paused-dark-960x600.png,C:\Users\nosom\Desktop\nm_suite\reports\qa\mockup_parity_baseline\20260630_210914\renders\modified\suite-timer-paused-dark-960x600.png
suite-timer-empty-light-960x600.png,suite:timer-empty@light,timer-empty,light,window,960x600,suite-timer-empty-light-960x600.png,960x600,PASS,UNEXPECTED_DELTA,False,,,,single_1x1,False,1,1,False,True,0.003242,46.0,0.003296,46.0,5.0,79.0,0.000156,0.000214,,C:\Users\nosom\Desktop\nm_suite\reports\qa\mockup_parity_baseline\20260630_210914\renders\original_A\suite-timer-empty-light-960x600.png,C:\Users\nosom\Desktop\nm_suite\reports\qa\mockup_parity_baseline\20260630_210914\renders\original_B\suite-timer-empty-light-960x600.png,C:\Users\nosom\Desktop\nm_suite\reports\qa\mockup_parity_baseline\20260630_210914\renders\modified\suite-timer-empty-light-960x600.png
suite-timer-empty-dark-960x600.png,suite:timer-empty@dark,timer-empty,dark,window,960x600,suite-timer-empty-dark-960x600.png,960x600,PASS,NO_DELTA,False,,,,single_1x1,False,1,1,False,True,0.002214,41.0,0.002185,41.0,5.0,71.5,0.0002,0.00017,,C:\Users\nosom\Desktop\nm_suite\reports\qa\mockup_parity_baseline\20260630_210914\renders\original_A\suite-timer-empty-dark-960x600.png,C:\Users\nosom\Desktop\nm_suite\reports\qa\mockup_parity_baseline\20260630_210914\renders\original_B\suite-timer-empty-dark-960x600.png,C:\Users\nosom\Desktop\nm_suite\reports\qa\mockup_parity_baseline\20260630_210914\renders\modified\suite-timer-empty-dark-960x600.png
suite-rutina-light-960x600.png,suite:rutina@light,rutina,light,window,960x600,suite-rutina-light-960x600.png,960x600,PASS,UNEXPECTED_DELTA,False,,,,single_1x1,False,1,1,False,True,6.9e-05,6.0,0.000307,18.0,5.0,50.0,5.7e-05,0.000167,,C:\Users\nosom\Desktop\nm_suite\reports\qa\mockup_parity_baseline\20260630_210914\renders\original_A\suite-rutina-light-960x600.png,C:\Users\nosom\Desktop\nm_suite\reports\qa\mockup_parity_baseline\20260630_210914\renders\original_B\suite-rutina-light-960x600.png,C:\Users\nosom\Desktop\nm_suite\reports\qa\mockup_parity_baseline\20260630_210914\renders\modified\suite-rutina-light-960x600.png
suite-rutina-dark-960x600.png,suite:rutina@dark,rutina,dark,window,960x600,suite-rutina-dark-960x600.png,960x600,PASS,UNEXPECTED_DELTA,False,,,,single_1x1,False,1,1,False,True,0.000774,24.0,0.000816,24.0,5.0,50.0,0.000502,0.000543,,C:\Users\nosom\Desktop\nm_suite\reports\qa\mockup_parity_baseline\20260630_210914\renders\original_A\suite-rutina-dark-960x600.png,C:\Users\nosom\Desktop\nm_suite\reports\qa\mockup_parity_baseline\20260630_210914\renders\original_B\suite-rutina-dark-960x600.png,C:\Users\nosom\Desktop\nm_suite\reports\qa\mockup_parity_baseline\20260630_210914\renders\modified\suite-rutina-dark-960x600.png
suite-rutina-add-task-light-960x600.png,suite:rutina-add-task@light,rutina-add-task,light,window,960x600,suite-rutina-add-task-light-960x600.png,960x600,PASS,NO_DELTA,False,,,,single_1x1,False,1,1,False,True,0.000281,18.0,0.00027,18.0,5.0,50.0,0.000153,0.000146,,C:\Users\nosom\Desktop\nm_suite\reports\qa\mockup_parity_baseline\20260630_210914\renders\original_A\suite-rutina-add-task-light-960x600.png,C:\Users\nosom\Desktop\nm_suite\reports\qa\mockup_parity_baseline\20260630_210914\renders\original_B\suite-rutina-add-task-light-960x600.png,C:\Users\nosom\Desktop\nm_suite\reports\qa\mockup_parity_baseline\20260630_210914\renders\modified\suite-rutina-add-task-light-960x600.png
suite-rutina-add-task-dark-960x600.png,suite:rutina-add-task@dark,rutina-add-task,dark,window,960x600,suite-rutina-add-task-dark-960x600.png,960x600,PASS,UNEXPECTED_DELTA,False,,,,single_1x1,False,1,1,False,True,5e-05,6.0,9e-05,6.0,5.0,50.0,5e-05,8.9e-05,,C:\Users\nosom\Desktop\nm_suite\reports\qa\mockup_parity_baseline\20260630_210914\renders\original_A\suite-rutina-add-task-dark-960x600.png,C:\Users\nosom\Desktop\nm_suite\reports\qa\mockup_parity_baseline\20260630_210914\renders\original_B\suite-rutina-add-task-dark-960x600.png,C:\Users\nosom\Desktop\nm_suite\reports\qa\mockup_parity_baseline\20260630_210914\renders\modified\suite-rutina-add-task-dark-960x600.png
suite-rutina-all-completed-light-960x600.png,suite:rutina-all-completed@light,rutina-all-completed,light,window,960x600,suite-rutina-all-completed-light-960x600.png,960x600,PASS,UNEXPECTED_DELTA,False,,,,single_1x1,False,1,1,False,True,0.00122,44.0,0.00127,44.0,5.0,76.0,0.000311,0.000175,,C:\Users\nosom\Desktop\nm_suite\reports\qa\mockup_parity_baseline\20260630_210914\renders\original_A\suite-rutina-all-completed-light-960x600.png,C:\Users\nosom\Desktop\nm_suite\reports\qa\mockup_parity_baseline\20260630_210914\renders\original_B\suite-rutina-all-completed-light-960x600.png,C:\Users\nosom\Desktop\nm_suite\reports\qa\mockup_parity_baseline\20260630_210914\renders\modified\suite-rutina-all-completed-light-960x600.png
suite-rutina-all-completed-dark-960x600.png,suite:rutina-all-completed@dark,rutina-all-completed,dark,window,960x600,suite-rutina-all-completed-dark-960x600.png,960x600,PASS,NO_DELTA,False,,,,single_1x1,False,1,1,False,True,0.000887,39.0,0.000833,39.0,5.0,68.5,0.000286,0.000196,,C:\Users\nosom\Desktop\nm_suite\reports\qa\mockup_parity_baseline\20260630_210914\renders\original_A\suite-rutina-all-completed-dark-960x600.png,C:\Users\nosom\Desktop\nm_suite\reports\qa\mockup_parity_baseline\20260630_210914\renders\original_B\suite-rutina-all-completed-dark-960x600.png,C:\Users\nosom\Desktop\nm_suite\reports\qa\mockup_parity_baseline\20260630_210914\renders\modified\suite-rutina-all-completed-dark-960x600.png
suite-rutina-empty-light-960x600.png,suite:rutina-empty@light,rutina-empty,light,window,960x600,suite-rutina-empty-light-960x600.png,960x600,PASS,UNEXPECTED_DELTA,False,,,,single_1x1,False,1,1,False,True,1.4e-05,2.0,0.004728,44.0,5.0,50.0,1.9e-05,0.000253,,C:\Users\nosom\Desktop\nm_suite\reports\qa\mockup_parity_baseline\20260630_210914\renders\original_A\suite-rutina-empty-light-960x600.png,C:\Users\nosom\Desktop\nm_suite\reports\qa\mockup_parity_baseline\20260630_210914\renders\original_B\suite-rutina-empty-light-960x600.png,C:\Users\nosom\Desktop\nm_suite\reports\qa\mockup_parity_baseline\20260630_210914\renders\modified\suite-rutina-empty-light-960x600.png
suite-rutina-empty-dark-960x600.png,suite:rutina-empty@dark,rutina-empty,dark,window,960x600,suite-rutina-empty-dark-960x600.png,960x600,PASS,NO_DELTA,False,,,,single_1x1,False,1,1,False,True,0.003178,40.0,7.3e-05,4.0,5.0,70.0,0.000182,0.00012,,C:\Users\nosom\Desktop\nm_suite\reports\qa\mockup_parity_baseline\20260630_210914\renders\original_A\suite-rutina-empty-dark-960x600.png,C:\Users\nosom\Desktop\nm_suite\reports\qa\mockup_parity_baseline\20260630_210914\renders\original_B\suite-rutina-empty-dark-960x600.png,C:\Users\nosom\Desktop\nm_suite\reports\qa\mockup_parity_baseline\20260630_210914\renders\modified\suite-rutina-empty-dark-960x600.png
suite-avisos-light-960x600.png,suite:avisos@light,avisos,light,window,960x600,suite-avisos-light-960x600.png,960x600,PASS,UNEXPECTED_DELTA,False,,,,single_1x1,False,1,1,False,True,5.4e-05,3.0,0.000541,39.0,5.0,50.0,5.6e-05,0.000135,,C:\Users\nosom\Desktop\nm_suite\reports\qa\mockup_parity_baseline\20260630_210914\renders\original_A\suite-avisos-light-960x600.png,C:\Users\nosom\Desktop\nm_suite\reports\qa\mockup_parity_baseline\20260630_210914\renders\original_B\suite-avisos-light-960x600.png,C:\Users\nosom\Desktop\nm_suite\reports\qa\mockup_parity_baseline\20260630_210914\renders\modified\suite-avisos-light-960x600.png
suite-avisos-dark-960x600.png,suite:avisos@dark,avisos,dark,window,960x600,suite-avisos-dark-960x600.png,960x600,PASS,NO_DELTA,False,,,,single_1x1,False,1,1,False,True,0.000532,50.0,7.5e-05,4.0,5.0,85.0,0.000137,8.9e-05,,C:\Users\nosom\Desktop\nm_suite\reports\qa\mockup_parity_baseline\20260630_210914\renders\original_A\suite-avisos-dark-960x600.png,C:\Users\nosom\Desktop\nm_suite\reports\qa\mockup_parity_baseline\20260630_210914\renders\original_B\suite-avisos-dark-960x600.png,C:\Users\nosom\Desktop\nm_suite\reports\qa\mockup_parity_baseline\20260630_210914\renders\modified\suite-avisos-dark-960x600.png
suite-avisos-filter-activos-light-960x600.png,suite:avisos-filter-activos@light,avisos-filter-activos,light,window,960x600,suite-avisos-filter-activos-light-960x600.png,960x600,PASS,UNEXPECTED_DELTA,False,,,,single_1x1,False,1,1,False,True,0.0,0.0,3.6e-05,2.0,5.0,50.0,0.0,3.1e-05,,C:\Users\nosom\Desktop\nm_suite\reports\qa\mockup_parity_baseline\20260630_210914\renders\original_A\suite-avisos-filter-activos-light-960x600.png,C:\Users\nosom\Desktop\nm_suite\reports\qa\mockup_parity_baseline\20260630_210914\renders\original_B\suite-avisos-filter-activos-light-960x600.png,C:\Users\nosom\Desktop\nm_suite\reports\qa\mockup_parity_baseline\20260630_210914\renders\modified\suite-avisos-filter-activos-light-960x600.png
suite-avisos-filter-activos-dark-960x600.png,suite:avisos-filter-activos@dark,avisos-filter-activos,dark,window,960x600,suite-avisos-filter-activos-dark-960x600.png,960x600,PASS,NO_DELTA,False,,,,single_1x1,False,1,1,False,True,2.7e-05,3.0,0.0,0.0,5.0,50.0,3.1e-05,0.0,,C:\Users\nosom\Desktop\nm_suite\reports\qa\mockup_parity_baseline\20260630_210914\renders\original_A\suite-avisos-filter-activos-dark-960x600.png,C:\Users\nosom\Desktop\nm_suite\reports\qa\mockup_parity_baseline\20260630_210914\renders\original_B\suite-avisos-filter-activos-dark-960x600.png,C:\Users\nosom\Desktop\nm_suite\reports\qa\mockup_parity_baseline\20260630_210914\renders\modified\suite-avisos-filter-activos-dark-960x600.png
suite-avisos-today-light-960x600.png,suite:avisos-today@light,avisos-today,light,window,960x600,suite-avisos-today-light-960x600.png,960x600,PASS,NO_DELTA,False,,,,single_1x1,False,1,1,False,True,0.0,0.0,0.0,0.0,5.0,50.0,0.0,0.0,,C:\Users\nosom\Desktop\nm_suite\reports\qa\mockup_parity_baseline\20260630_210914\renders\original_A\suite-avisos-today-light-960x600.png,C:\Users\nosom\Desktop\nm_suite\reports\qa\mockup_parity_baseline\20260630_210914\renders\original_B\suite-avisos-today-light-960x600.png,C:\Users\nosom\Desktop\nm_suite\reports\qa\mockup_parity_baseline\20260630_210914\renders\modified\suite-avisos-today-light-960x600.png
suite-avisos-today-dark-960x600.png,suite:avisos-today@dark,avisos-today,dark,window,960x600,suite-avisos-today-dark-960x600.png,960x600,PASS,NO_DELTA,False,,,,single_1x1,False,1,1,False,True,5.5e-05,3.0,0.0,0.0,5.0,50.0,6.4e-05,0.0,,C:\Users\nosom\Desktop\nm_suite\reports\qa\mockup_parity_baseline\20260630_210914\renders\original_A\suite-avisos-today-dark-960x600.png,C:\Users\nosom\Desktop\nm_suite\reports\qa\mockup_parity_baseline\20260630_210914\renders\original_B\suite-avisos-today-dark-960x600.png,C:\Users\nosom\Desktop\nm_suite\reports\qa\mockup_parity_baseline\20260630_210914\renders\modified\suite-avisos-today-dark-960x600.png
suite-avisos-search-light-960x600.png,suite:avisos-search@light,avisos-search,light,window,960x600,suite-avisos-search-light-960x600.png,960x600,PASS,NO_DELTA,False,,,,single_1x1,False,1,1,False,True,0.000943,22.0,6.1e-05,17.0,5.0,50.0,0.000139,4e-05,,C:\Users\nosom\Desktop\nm_suite\reports\qa\mockup_parity_baseline\20260630_210914\renders\original_A\suite-avisos-search-light-960x600.png,C:\Users\nosom\Desktop\nm_suite\reports\qa\mockup_parity_baseline\20260630_210914\renders\original_B\suite-avisos-search-light-960x600.png,C:\Users\nosom\Desktop\nm_suite\reports\qa\mockup_parity_baseline\20260630_210914\renders\modified\suite-avisos-search-light-960x600.png
suite-avisos-search-dark-960x600.png,suite:avisos-search@dark,avisos-search,dark,window,960x600,suite-avisos-search-dark-960x600.png,960x600,PASS,UNEXPECTED_DELTA,False,,,,single_1x1,False,1,1,False,True,6.8e-05,17.0,0.000861,19.0,5.0,50.0,5.9e-05,0.000158,,C:\Users\nosom\Desktop\nm_suite\reports\qa\mockup_parity_baseline\20260630_210914\renders\original_A\suite-avisos-search-dark-960x600.png,C:\Users\nosom\Desktop\nm_suite\reports\qa\mockup_parity_baseline\20260630_210914\renders\original_B\suite-avisos-search-dark-960x600.png,C:\Users\nosom\Desktop\nm_suite\reports\qa\mockup_parity_baseline\20260630_210914\renders\modified\suite-avisos-search-dark-960x600.png
suite-avisos-empty-light-960x600.png,suite:avisos-empty@light,avisos-empty,light,window,960x600,suite-avisos-empty-light-960x600.png,960x600,PASS,NO_DELTA,False,,,,single_1x1,False,1,1,False,True,0.003781,46.0,0.00378,46.0,5.0,79.0,0.000194,0.000193,,C:\Users\nosom\Desktop\nm_suite\reports\qa\mockup_parity_baseline\20260630_210914\renders\original_A\suite-avisos-empty-light-960x600.png,C:\Users\nosom\Desktop\nm_suite\reports\qa\mockup_parity_baseline\20260630_210914\renders\original_B\suite-avisos-empty-light-960x600.png,C:\Users\nosom\Desktop\nm_suite\reports\qa\mockup_parity_baseline\20260630_210914\renders\modified\suite-avisos-empty-light-960x600.png
suite-avisos-empty-dark-960x600.png,suite:avisos-empty@dark,avisos-empty,dark,window,960x600,suite-avisos-empty-dark-960x600.png,960x600,PASS,UNEXPECTED_DELTA,False,,,,single_1x1,False,1,1,False,True,0.0,0.0,7.2e-05,5.0,5.0,50.0,0.0,8e-05,,C:\Users\nosom\Desktop\nm_suite\reports\qa\mockup_parity_baseline\20260630_210914\renders\original_A\suite-avisos-empty-dark-960x600.png,C:\Users\nosom\Desktop\nm_suite\reports\qa\mockup_parity_baseline\20260630_210914\renders\original_B\suite-avisos-empty-dark-960x600.png,C:\Users\nosom\Desktop\nm_suite\reports\qa\mockup_parity_baseline\20260630_210914\renders\modified\suite-avisos-empty-dark-960x600.png
suite-actividades-light-960x600.png,suite:actividades@light,actividades,light,window,960x600,suite-actividades-light-960x600.png,960x600,PASS,NO_DELTA,False,,,,single_1x1,False,1,1,False,True,1.7e-05,4.0,1.6e-05,4.0,5.0,50.0,1.9e-05,1.9e-05,,C:\Users\nosom\Desktop\nm_suite\reports\qa\mockup_parity_baseline\20260630_210914\renders\original_A\suite-actividades-light-960x600.png,C:\Users\nosom\Desktop\nm_suite\reports\qa\mockup_parity_baseline\20260630_210914\renders\original_B\suite-actividades-light-960x600.png,C:\Users\nosom\Desktop\nm_suite\reports\qa\mockup_parity_baseline\20260630_210914\renders\modified\suite-actividades-light-960x600.png
suite-actividades-dark-960x600.png,suite:actividades@dark,actividades,dark,window,960x600,suite-actividades-dark-960x600.png,960x600,PASS,UNEXPECTED_DELTA,False,,,,single_1x1,False,1,1,False,True,2.5e-05,5.0,3e-05,5.0,5.0,50.0,2.1e-05,3.6e-05,,C:\Users\nosom\Desktop\nm_suite\reports\qa\mockup_parity_baseline\20260630_210914\renders\original_A\suite-actividades-dark-960x600.png,C:\Users\nosom\Desktop\nm_suite\reports\qa\mockup_parity_baseline\20260630_210914\renders\original_B\suite-actividades-dark-960x600.png,C:\Users\nosom\Desktop\nm_suite\reports\qa\mockup_parity_baseline\20260630_210914\renders\modified\suite-actividades-dark-960x600.png
suite-actividades-filtered-light-960x600.png,suite:actividades-filtered@light,actividades-filtered,light,window,960x600,suite-actividades-filtered-light-960x600.png,960x600,PASS,UNEXPECTED_DELTA,False,,,,single_1x1,False,1,1,False,True,2.4e-05,4.0,0.000139,33.0,5.0,50.0,3.1e-05,4.2e-05,,C:\Users\nosom\Desktop\nm_suite\reports\qa\mockup_parity_baseline\20260630_210914\renders\original_A\suite-actividades-filtered-light-960x600.png,C:\Users\nosom\Desktop\nm_suite\reports\qa\mockup_parity_baseline\20260630_210914\renders\original_B\suite-actividades-filtered-light-960x600.png,C:\Users\nosom\Desktop\nm_suite\reports\qa\mockup_parity_baseline\20260630_210914\renders\modified\suite-actividades-filtered-light-960x600.png
suite-actividades-filtered-dark-960x600.png,suite:actividades-filtered@dark,actividades-filtered,dark,window,960x600,suite-actividades-filtered-dark-960x600.png,960x600,PASS,NO_DELTA,False,,,,single_1x1,False,1,1,False,True,2e-06,1.0,2e-06,1.0,5.0,50.0,2e-06,2e-06,,C:\Users\nosom\Desktop\nm_suite\reports\qa\mockup_parity_baseline\20260630_210914\renders\original_A\suite-actividades-filtered-dark-960x600.png,C:\Users\nosom\Desktop\nm_suite\reports\qa\mockup_parity_baseline\20260630_210914\renders\original_B\suite-actividades-filtered-dark-960x600.png,C:\Users\nosom\Desktop\nm_suite\reports\qa\mockup_parity_baseline\20260630_210914\renders\modified\suite-actividades-filtered-dark-960x600.png
suite-actividades-marked-hice-light-960x600.png,suite:actividades-marked-hice@light,actividades-marked-hice,light,window,960x600,suite-actividades-marked-hice-light-960x600.png,960x600,PASS,NO_DELTA,False,,,,single_1x1,False,1,1,False,True,0.000139,33.0,2e-05,3.0,5.0,59.5,4e-05,2.6e-05,,C:\Users\nosom\Desktop\nm_suite\reports\qa\mockup_parity_baseline\20260630_210914\renders\original_A\suite-actividades-marked-hice-light-960x600.png,C:\Users\nosom\Desktop\nm_suite\reports\qa\mockup_parity_baseline\20260630_210914\renders\original_B\suite-actividades-marked-hice-light-960x600.png,C:\Users\nosom\Desktop\nm_suite\reports\qa\mockup_parity_baseline\20260630_210914\renders\modified\suite-actividades-marked-hice-light-960x600.png
suite-actividades-marked-hice-dark-960x600.png,suite:actividades-marked-hice@dark,actividades-marked-hice,dark,window,960x600,suite-actividades-marked-hice-dark-960x600.png,960x600,PASS,UNEXPECTED_DELTA,False,,,,single_1x1,False,1,1,False,True,3.1e-05,5.0,0.000192,41.0,5.0,50.0,3.8e-05,5.6e-05,,C:\Users\nosom\Desktop\nm_suite\reports\qa\mockup_parity_baseline\20260630_210914\renders\original_A\suite-actividades-marked-hice-dark-960x600.png,C:\Users\nosom\Desktop\nm_suite\reports\qa\mockup_parity_baseline\20260630_210914\renders\original_B\suite-actividades-marked-hice-dark-960x600.png,C:\Users\nosom\Desktop\nm_suite\reports\qa\mockup_parity_baseline\20260630_210914\renders\modified\suite-actividades-marked-hice-dark-960x600.png
suite-actividades-empty-light-960x600.png,suite:actividades-empty@light,actividades-empty,light,window,960x600,suite-actividades-empty-light-960x600.png,960x600,PASS,UNEXPECTED_DELTA,False,,,,single_1x1,False,1,1,False,True,0.000126,30.0,0.000131,33.0,5.0,55.0,1.9e-05,2.8e-05,,C:\Users\nosom\Desktop\nm_suite\reports\qa\mockup_parity_baseline\20260630_210914\renders\original_A\suite-actividades-empty-light-960x600.png,C:\Users\nosom\Desktop\nm_suite\reports\qa\mockup_parity_baseline\20260630_210914\renders\original_B\suite-actividades-empty-light-960x600.png,C:\Users\nosom\Desktop\nm_suite\reports\qa\mockup_parity_baseline\20260630_210914\renders\modified\suite-actividades-empty-light-960x600.png
suite-actividades-empty-dark-960x600.png,suite:actividades-empty@dark,actividades-empty,dark,window,960x600,suite-actividades-empty-dark-960x600.png,960x600,PASS,UNEXPECTED_DELTA,False,,,,single_1x1,False,1,1,False,True,0.000157,41.0,0.000509,39.0,5.0,71.5,1.9e-05,5.6e-05,,C:\Users\nosom\Desktop\nm_suite\reports\qa\mockup_parity_baseline\20260630_210914\renders\original_A\suite-actividades-empty-dark-960x600.png,C:\Users\nosom\Desktop\nm_suite\reports\qa\mockup_parity_baseline\20260630_210914\renders\original_B\suite-actividades-empty-dark-960x600.png,C:\Users\nosom\Desktop\nm_suite\reports\qa\mockup_parity_baseline\20260630_210914\renders\modified\suite-actividades-empty-dark-960x600.png
suite-registro-light-960x600.png,suite:registro@light,registro,light,window,960x600,suite-registro-light-960x600.png,960x600,PASS,NO_DELTA,False,,,,single_1x1,False,1,1,False,True,8.9e-05,14.0,1.6e-05,3.0,5.0,50.0,3.6e-05,1.9e-05,,C:\Users\nosom\Desktop\nm_suite\reports\qa\mockup_parity_baseline\20260630_210914\renders\original_A\suite-registro-light-960x600.png,C:\Users\nosom\Desktop\nm_suite\reports\qa\mockup_parity_baseline\20260630_210914\renders\original_B\suite-registro-light-960x600.png,C:\Users\nosom\Desktop\nm_suite\reports\qa\mockup_parity_baseline\20260630_210914\renders\modified\suite-registro-light-960x600.png
suite-registro-dark-960x600.png,suite:registro@dark,registro,dark,window,960x600,suite-registro-dark-960x600.png,960x600,PASS,UNEXPECTED_DELTA,False,,,,single_1x1,False,1,1,False,True,2e-06,1.0,9e-06,1.0,5.0,50.0,3e-06,1.4e-05,,C:\Users\nosom\Desktop\nm_suite\reports\qa\mockup_parity_baseline\20260630_210914\renders\original_A\suite-registro-dark-960x600.png,C:\Users\nosom\Desktop\nm_suite\reports\qa\mockup_parity_baseline\20260630_210914\renders\original_B\suite-registro-dark-960x600.png,C:\Users\nosom\Desktop\nm_suite\reports\qa\mockup_parity_baseline\20260630_210914\renders\modified\suite-registro-dark-960x600.png
suite-registro-step1-emotion-light-960x600.png,suite:registro-step1-emotion@light,registro-step1-emotion,light,window,960x600,suite-registro-step1-emotion-light-960x600.png,960x600,PASS,NO_DELTA,False,,,,single_1x1,False,1,1,False,True,1e-06,1.0,1e-06,1.0,5.0,50.0,2e-06,2e-06,,C:\Users\nosom\Desktop\nm_suite\reports\qa\mockup_parity_baseline\20260630_210914\renders\original_A\suite-registro-step1-emotion-light-960x600.png,C:\Users\nosom\Desktop\nm_suite\reports\qa\mockup_parity_baseline\20260630_210914\renders\original_B\suite-registro-step1-emotion-light-960x600.png,C:\Users\nosom\Desktop\nm_suite\reports\qa\mockup_parity_baseline\20260630_210914\renders\modified\suite-registro-step1-emotion-light-960x600.png
suite-registro-step1-emotion-dark-960x600.png,suite:registro-step1-emotion@dark,registro-step1-emotion,dark,window,960x600,suite-registro-step1-emotion-dark-960x600.png,960x600,PASS,UNEXPECTED_DELTA,False,,,,single_1x1,False,1,1,False,True,1.1e-05,1.0,9.7e-05,18.0,5.0,50.0,1.7e-05,2.8e-05,,C:\Users\nosom\Desktop\nm_suite\reports\qa\mockup_parity_baseline\20260630_210914\renders\original_A\suite-registro-step1-emotion-dark-960x600.png,C:\Users\nosom\Desktop\nm_suite\reports\qa\mockup_parity_baseline\20260630_210914\renders\original_B\suite-registro-step1-emotion-dark-960x600.png,C:\Users\nosom\Desktop\nm_suite\reports\qa\mockup_parity_baseline\20260630_210914\renders\modified\suite-registro-step1-emotion-dark-960x600.png
suite-registro-step1-emotion-otro-light-960x600.png,suite:registro-step1-emotion-otro@light,registro-step1-emotion-otro,light,window,960x600,suite-registro-step1-emotion-otro-light-960x600.png,960x600,PASS,NO_DELTA,False,,,,single_1x1,False,1,1,False,True,8.3e-05,15.0,8.1e-05,14.0,5.0,50.0,3.1e-05,2.6e-05,,C:\Users\nosom\Desktop\nm_suite\reports\qa\mockup_parity_baseline\20260630_210914\renders\original_A\suite-registro-step1-emotion-otro-light-960x600.png,C:\Users\nosom\Desktop\nm_suite\reports\qa\mockup_parity_baseline\20260630_210914\renders\original_B\suite-registro-step1-emotion-otro-light-960x600.png,C:\Users\nosom\Desktop\nm_suite\reports\qa\mockup_parity_baseline\20260630_210914\renders\modified\suite-registro-step1-emotion-otro-light-960x600.png
suite-registro-step1-emotion-otro-dark-960x600.png,suite:registro-step1-emotion-otro@dark,registro-step1-emotion-otro,dark,window,960x600,suite-registro-step1-emotion-otro-dark-960x600.png,960x600,PASS,UNEXPECTED_DELTA,False,,,,single_1x1,False,1,1,False,True,9e-06,1.0,9.3e-05,18.0,5.0,50.0,1.4e-05,2.3e-05,,C:\Users\nosom\Desktop\nm_suite\reports\qa\mockup_parity_baseline\20260630_210914\renders\original_A\suite-registro-step1-emotion-otro-dark-960x600.png,C:\Users\nosom\Desktop\nm_suite\reports\qa\mockup_parity_baseline\20260630_210914\renders\original_B\suite-registro-step1-emotion-otro-dark-960x600.png,C:\Users\nosom\Desktop\nm_suite\reports\qa\mockup_parity_baseline\20260630_210914\renders\modified\suite-registro-step1-emotion-otro-dark-960x600.png
suite-registro-step2-distortions-light-960x600.png,suite:registro-step2-distortions@light,registro-step2-distortions,light,window,960x600,suite-registro-step2-distortions-light-960x600.png,960x600,PASS,UNEXPECTED_DELTA,False,,,,single_1x1,False,1,1,False,True,9e-06,3.0,9.8e-05,14.0,5.0,50.0,9e-06,4.5e-05,,C:\Users\nosom\Desktop\nm_suite\reports\qa\mockup_parity_baseline\20260630_210914\renders\original_A\suite-registro-step2-distortions-light-960x600.png,C:\Users\nosom\Desktop\nm_suite\reports\qa\mockup_parity_baseline\20260630_210914\renders\original_B\suite-registro-step2-distortions-light-960x600.png,C:\Users\nosom\Desktop\nm_suite\reports\qa\mockup_parity_baseline\20260630_210914\renders\modified\suite-registro-step2-distortions-light-960x600.png
suite-registro-step2-distortions-dark-960x600.png,suite:registro-step2-distortions@dark,registro-step2-distortions,dark,window,960x600,suite-registro-step2-distortions-dark-960x600.png,960x600,PASS,NO_DELTA,False,,,,single_1x1,False,1,1,False,True,0.00011,18.0,9.7e-05,18.0,5.0,50.0,3.8e-05,2.8e-05,,C:\Users\nosom\Desktop\nm_suite\reports\qa\mockup_parity_baseline\20260630_210914\renders\original_A\suite-registro-step2-distortions-dark-960x600.png,C:\Users\nosom\Desktop\nm_suite\reports\qa\mockup_parity_baseline\20260630_210914\renders\original_B\suite-registro-step2-distortions-dark-960x600.png,C:\Users\nosom\Desktop\nm_suite\reports\qa\mockup_parity_baseline\20260630_210914\renders\modified\suite-registro-step2-distortions-dark-960x600.png
suite-registro-step3-filled-light-960x600.png,suite:registro-step3-filled@light,registro-step3-filled,light,window,960x600,suite-registro-step3-filled-light-960x600.png,960x600,PASS,UNEXPECTED_DELTA,False,,,,single_1x1,False,1,1,False,True,0.0,0.0,8.3e-05,14.0,5.0,50.0,0.0,3.1e-05,,C:\Users\nosom\Desktop\nm_suite\reports\qa\mockup_parity_baseline\20260630_210914\renders\original_A\suite-registro-step3-filled-light-960x600.png,C:\Users\nosom\Desktop\nm_suite\reports\qa\mockup_parity_baseline\20260630_210914\renders\original_B\suite-registro-step3-filled-light-960x600.png,C:\Users\nosom\Desktop\nm_suite\reports\qa\mockup_parity_baseline\20260630_210914\renders\modified\suite-registro-step3-filled-light-960x600.png
suite-registro-step3-filled-dark-960x600.png,suite:registro-step3-filled@dark,registro-step3-filled,dark,window,960x600,suite-registro-step3-filled-dark-960x600.png,960x600,PASS,UNEXPECTED_DELTA,False,,,,single_1x1,False,1,1,False,True,0.0,0.0,9.7e-05,18.0,5.0,50.0,0.0,2.8e-05,,C:\Users\nosom\Desktop\nm_suite\reports\qa\mockup_parity_baseline\20260630_210914\renders\original_A\suite-registro-step3-filled-dark-960x600.png,C:\Users\nosom\Desktop\nm_suite\reports\qa\mockup_parity_baseline\20260630_210914\renders\original_B\suite-registro-step3-filled-dark-960x600.png,C:\Users\nosom\Desktop\nm_suite\reports\qa\mockup_parity_baseline\20260630_210914\renders\modified\suite-registro-step3-filled-dark-960x600.png
suite-registro-success-light-960x600.png,suite:registro-success@light,registro-success,light,window,960x600,suite-registro-success-light-960x600.png,960x600,PASS,NO_DELTA,False,,,,single_1x1,False,1,1,False,True,7.8e-05,14.0,7e-06,3.0,5.0,50.0,2.3e-05,3e-06,,C:\Users\nosom\Desktop\nm_suite\reports\qa\mockup_parity_baseline\20260630_210914\renders\original_A\suite-registro-success-light-960x600.png,C:\Users\nosom\Desktop\nm_suite\reports\qa\mockup_parity_baseline\20260630_210914\renders\original_B\suite-registro-success-light-960x600.png,C:\Users\nosom\Desktop\nm_suite\reports\qa\mockup_parity_baseline\20260630_210914\renders\modified\suite-registro-success-light-960x600.png
suite-registro-success-dark-960x600.png,suite:registro-success@dark,registro-success,dark,window,960x600,suite-registro-success-dark-960x600.png,960x600,PASS,NO_DELTA,False,,,,single_1x1,False,1,1,False,True,0.000102,18.0,1e-05,1.0,5.0,50.0,3.3e-05,1.6e-05,,C:\Users\nosom\Desktop\nm_suite\reports\qa\mockup_parity_baseline\20260630_210914\renders\original_A\suite-registro-success-dark-960x600.png,C:\Users\nosom\Desktop\nm_suite\reports\qa\mockup_parity_baseline\20260630_210914\renders\original_B\suite-registro-success-dark-960x600.png,C:\Users\nosom\Desktop\nm_suite\reports\qa\mockup_parity_baseline\20260630_210914\renders\modified\suite-registro-success-dark-960x600.png
suite-dbt-now-light-960x600.png,suite:dbt-now@light,dbt-now,light,window,960x600,suite-dbt-now-light-960x600.png,960x600,PASS,NO_DELTA,False,,,,single_1x1,False,1,1,False,True,3.6e-05,3.0,3.5e-05,3.0,5.0,50.0,4.2e-05,3.8e-05,,C:\Users\nosom\Desktop\nm_suite\reports\qa\mockup_parity_baseline\20260630_210914\renders\original_A\suite-dbt-now-light-960x600.png,C:\Users\nosom\Desktop\nm_suite\reports\qa\mockup_parity_baseline\20260630_210914\renders\original_B\suite-dbt-now-light-960x600.png,C:\Users\nosom\Desktop\nm_suite\reports\qa\mockup_parity_baseline\20260630_210914\renders\modified\suite-dbt-now-light-960x600.png
suite-dbt-now-dark-960x600.png,suite:dbt-now@dark,dbt-now,dark,window,960x600,suite-dbt-now-dark-960x600.png,960x600,PASS,UNEXPECTED_DELTA,False,,,,single_1x1,False,1,1,False,True,3.4e-05,4.0,3.7e-05,4.0,5.0,50.0,3.5e-05,3.8e-05,,C:\Users\nosom\Desktop\nm_suite\reports\qa\mockup_parity_baseline\20260630_210914\renders\original_A\suite-dbt-now-dark-960x600.png,C:\Users\nosom\Desktop\nm_suite\reports\qa\mockup_parity_baseline\20260630_210914\renders\original_B\suite-dbt-now-dark-960x600.png,C:\Users\nosom\Desktop\nm_suite\reports\qa\mockup_parity_baseline\20260630_210914\renders\modified\suite-dbt-now-dark-960x600.png
suite-dbt-library-light-960x600.png,suite:dbt-library@light,dbt-library,light,window,960x600,suite-dbt-library-light-960x600.png,960x600,PASS,NO_DELTA,False,,,,single_1x1,False,1,1,False,True,0.000622,55.0,0.000514,55.0,5.0,92.5,0.000188,0.000109,,C:\Users\nosom\Desktop\nm_suite\reports\qa\mockup_parity_baseline\20260630_210914\renders\original_A\suite-dbt-library-light-960x600.png,C:\Users\nosom\Desktop\nm_suite\reports\qa\mockup_parity_baseline\20260630_210914\renders\original_B\suite-dbt-library-light-960x600.png,C:\Users\nosom\Desktop\nm_suite\reports\qa\mockup_parity_baseline\20260630_210914\renders\modified\suite-dbt-library-light-960x600.png
suite-dbt-library-dark-960x600.png,suite:dbt-library@dark,dbt-library,dark,window,960x600,suite-dbt-library-dark-960x600.png,960x600,PASS,UNEXPECTED_DELTA,False,,,,single_1x1,False,1,1,False,True,0.001461,50.0,0.001468,50.0,5.0,85.0,0.000663,0.000705,,C:\Users\nosom\Desktop\nm_suite\reports\qa\mockup_parity_baseline\20260630_210914\renders\original_A\suite-dbt-library-dark-960x600.png,C:\Users\nosom\Desktop\nm_suite\reports\qa\mockup_parity_baseline\20260630_210914\renders\original_B\suite-dbt-library-dark-960x600.png,C:\Users\nosom\Desktop\nm_suite\reports\qa\mockup_parity_baseline\20260630_210914\renders\modified\suite-dbt-library-dark-960x600.png
suite-dbt-practice-stop-light-960x600.png,suite:dbt-practice-stop@light,dbt-practice-stop,light,window_modal,960x600,suite-dbt-practice-stop-light-960x600.png,960x600,PASS,UNEXPECTED_DELTA,False,,,,single_1x1,False,1,1,False,True,0.15094,22.0,0.167155,22.0,5.0,50.0,0.087205,0.089064,,C:\Users\nosom\Desktop\nm_suite\reports\qa\mockup_parity_baseline\20260630_210914\renders\original_A\suite-dbt-practice-stop-light-960x600.png,C:\Users\nosom\Desktop\nm_suite\reports\qa\mockup_parity_baseline\20260630_210914\renders\original_B\suite-dbt-practice-stop-light-960x600.png,C:\Users\nosom\Desktop\nm_suite\reports\qa\mockup_parity_baseline\20260630_210914\renders\modified\suite-dbt-practice-stop-light-960x600.png
suite-dbt-practice-stop-dark-960x600.png,suite:dbt-practice-stop@dark,dbt-practice-stop,dark,window_modal,960x600,suite-dbt-practice-stop-dark-960x600.png,960x600,PASS,UNEXPECTED_DELTA,False,,,,single_1x1,False,1,1,False,True,0.164021,23.0,0.171699,23.0,5.0,50.0,0.135318,0.137493,,C:\Users\nosom\Desktop\nm_suite\reports\qa\mockup_parity_baseline\20260630_210914\renders\original_A\suite-dbt-practice-stop-dark-960x600.png,C:\Users\nosom\Desktop\nm_suite\reports\qa\mockup_parity_baseline\20260630_210914\renders\original_B\suite-dbt-practice-stop-dark-960x600.png,C:\Users\nosom\Desktop\nm_suite\reports\qa\mockup_parity_baseline\20260630_210914\renders\modified\suite-dbt-practice-stop-dark-960x600.png
suite-onboarding-light-520x600.png,suite:onboarding@light,onboarding,light,narrow,520x600,suite-onboarding-light-520x600.png,520x600,PASS,UNEXPECTED_DELTA,False,,,,single_1x1,False,1,1,False,True,0.0,0.0,0.000136,13.0,5.0,50.0,0.0,3.8e-05,,C:\Users\nosom\Desktop\nm_suite\reports\qa\mockup_parity_baseline\20260630_210914\renders\original_A\suite-onboarding-light-520x600.png,C:\Users\nosom\Desktop\nm_suite\reports\qa\mockup_parity_baseline\20260630_210914\renders\original_B\suite-onboarding-light-520x600.png,C:\Users\nosom\Desktop\nm_suite\reports\qa\mockup_parity_baseline\20260630_210914\renders\modified\suite-onboarding-light-520x600.png
suite-onboarding-dark-520x600.png,suite:onboarding@dark,onboarding,dark,narrow,520x600,suite-onboarding-dark-520x600.png,520x600,PASS,UNEXPECTED_DELTA,False,,,,single_1x1,False,1,1,False,True,0.0,0.0,1.4e-05,4.0,5.0,50.0,0.0,1.3e-05,,C:\Users\nosom\Desktop\nm_suite\reports\qa\mockup_parity_baseline\20260630_210914\renders\original_A\suite-onboarding-dark-520x600.png,C:\Users\nosom\Desktop\nm_suite\reports\qa\mockup_parity_baseline\20260630_210914\renders\original_B\suite-onboarding-dark-520x600.png,C:\Users\nosom\Desktop\nm_suite\reports\qa\mockup_parity_baseline\20260630_210914\renders\modified\suite-onboarding-dark-520x600.png
suite-onboarding-error-light-520x600.png,suite:onboarding-error@light,onboarding-error,light,narrow,520x600,suite-onboarding-error-light-520x600.png,520x600,PASS,NO_DELTA,False,,,,single_1x1,False,1,1,False,True,1.8e-05,2.0,1.8e-05,2.0,5.0,50.0,2.2e-05,2.2e-05,,C:\Users\nosom\Desktop\nm_suite\reports\qa\mockup_parity_baseline\20260630_210914\renders\original_A\suite-onboarding-error-light-520x600.png,C:\Users\nosom\Desktop\nm_suite\reports\qa\mockup_parity_baseline\20260630_210914\renders\original_B\suite-onboarding-error-light-520x600.png,C:\Users\nosom\Desktop\nm_suite\reports\qa\mockup_parity_baseline\20260630_210914\renders\modified\suite-onboarding-error-light-520x600.png
suite-onboarding-error-dark-520x600.png,suite:onboarding-error@dark,onboarding-error,dark,narrow,520x600,suite-onboarding-error-dark-520x600.png,520x600,PASS,NO_DELTA,False,,,,single_1x1,False,1,1,False,True,0.000175,18.0,0.0,0.0,5.0,50.0,5.4e-05,0.0,,C:\Users\nosom\Desktop\nm_suite\reports\qa\mockup_parity_baseline\20260630_210914\renders\original_A\suite-onboarding-error-dark-520x600.png,C:\Users\nosom\Desktop\nm_suite\reports\qa\mockup_parity_baseline\20260630_210914\renders\original_B\suite-onboarding-error-dark-520x600.png,C:\Users\nosom\Desktop\nm_suite\reports\qa\mockup_parity_baseline\20260630_210914\renders\modified\suite-onboarding-error-dark-520x600.png
suite-recuperar-acceso-light-520x600.png,suite:recuperar-acceso@light,recuperar-acceso,light,narrow,520x600,suite-recuperar-acceso-light-520x600.png,520x600,PASS,UNEXPECTED_DELTA,False,,,,single_1x1,False,1,1,False,True,1.6e-05,2.0,1.8e-05,2.0,5.0,50.0,1.9e-05,2.2e-05,,C:\Users\nosom\Desktop\nm_suite\reports\qa\mockup_parity_baseline\20260630_210914\renders\original_A\suite-recuperar-acceso-light-520x600.png,C:\Users\nosom\Desktop\nm_suite\reports\qa\mockup_parity_baseline\20260630_210914\renders\original_B\suite-recuperar-acceso-light-520x600.png,C:\Users\nosom\Desktop\nm_suite\reports\qa\mockup_parity_baseline\20260630_210914\renders\modified\suite-recuperar-acceso-light-520x600.png
suite-recuperar-acceso-dark-520x600.png,suite:recuperar-acceso@dark,recuperar-acceso,dark,narrow,520x600,suite-recuperar-acceso-dark-520x600.png,520x600,PASS,UNEXPECTED_DELTA,False,,,,single_1x1,False,1,1,False,True,0.0,0.0,3.7e-05,2.0,5.0,50.0,0.0,5.4e-05,,C:\Users\nosom\Desktop\nm_suite\reports\qa\mockup_parity_baseline\20260630_210914\renders\original_A\suite-recuperar-acceso-dark-520x600.png,C:\Users\nosom\Desktop\nm_suite\reports\qa\mockup_parity_baseline\20260630_210914\renders\original_B\suite-recuperar-acceso-dark-520x600.png,C:\Users\nosom\Desktop\nm_suite\reports\qa\mockup_parity_baseline\20260630_210914\renders\modified\suite-recuperar-acceso-dark-520x600.png
